Year;Date;Time;Round;Stadium;City;Country;HomeTeam;HomeGoals;AwayGoals;AwayTeam;WINNER;Observation
1930;13.lip.30; 15:00 ;Group 1;Pocitos;Montevideo ;Uruguay;France;4;1;Mexico;France; 
1930;13.lip.30; 15:00 ;Group 4;Parque Central;Montevideo ;Uruguay;USA;3;0;Belgium;USA; 
1930;14.lip.30; 12:45 ;Group 2;Parque Central;Montevideo ;Uruguay;Yugoslavia;2;1;Brazil;Yugoslavia; 
1930;14.lip.30; 14:50 ;Group 3;Pocitos;Montevideo ;Uruguay;Romania;3;1;Peru;Romania; 
1930;15.lip.30; 16:00 ;Group 1;Parque Central;Montevideo ;Uruguay;Argentina;1;0;France;Argentina; 
1930;16.lip.30; 14:45 ;Group 1;Parque Central;Montevideo ;Uruguay;Chile;3;0;Mexico;Chile; 
1930;17.lip.30; 12:45 ;Group 2;Parque Central;Montevideo ;Uruguay;Yugoslavia;4;0;Bolivia;Yugoslavia; 
1930;17.lip.30; 14:45 ;Group 4;Parque Central;Montevideo ;Uruguay;USA;3;0;Paraguay;USA; 
1930;18.lip.30; 14:30 ;Group 3;Estadio Centenario;Montevideo ;Uruguay;Uruguay;1;0;Peru;Uruguay; 
1930;19.lip.30; 12:50 ;Group 1;Estadio Centenario;Montevideo ;Uruguay;Chile;1;0;France;Chile; 
1930;19.lip.30; 15:00 ;Group 1;Estadio Centenario;Montevideo ;Uruguay;Argentina;6;3;Mexico;Argentina; 
1930;20.lip.30; 13:00 ;Group 2;Estadio Centenario;Montevideo ;Uruguay;Brazil;4;0;Bolivia;Brazil; 
1930;20.lip.30; 15:00 ;Group 4;Estadio Centenario;Montevideo ;Uruguay;Paraguay;1;0;Belgium;Paraguay; 
1930;21.lip.30; 14:50 ;Group 3;Estadio Centenario;Montevideo ;Uruguay;Uruguay;4;0;Romania;Uruguay; 
1930;22.lip.30; 14:45 ;Group 1;Estadio Centenario;Montevideo ;Uruguay;Argentina;3;1;Chile;Argentina; 
1930;26.lip.30; 14:45 ;Semi-finals;Estadio Centenario;Montevideo ;Uruguay;Argentina;6;1;USA;Argentina; 
1930;27.lip.30; 14:45 ;Semi-finals;Estadio Centenario;Montevideo ;Uruguay;Uruguay;6;1;Yugoslavia;Uruguay; 
1930;30.lip.30; 14:15 ;Final;Estadio Centenario;Montevideo ;Uruguay;Uruguay;4;2;Argentina;Uruguay; 
1934;27.maj.34; 16:30 ;Preliminary round;Stadio Benito Mussolini;Turin ;Italy;Austria;3;2;France;Austria;Austria win after extra time 
1934;27.maj.34; 16:30 ;Preliminary round;Giorgio Ascarelli;Naples ;Italy;Hungary;4;2;Egypt;Hungary; 
1934;27.maj.34; 16:30 ;Preliminary round;San Siro;Milan ;Italy;Switzerland;3;2;Netherlands;Switzerland; 
1934;27.maj.34; 16:30 ;Preliminary round;Littorale;Bologna ;Italy;Sweden;3;2;Argentina;Sweden; 
1934;27.maj.34; 16:30 ;Preliminary round;Giovanni Berta;Florence ;Italy;Germany;5;2;Belgium;Germany; 
1934;27.maj.34; 16:30 ;Preliminary round;Luigi Ferraris;Genoa ;Italy;Spain;3;1;Brazil;Spain; 
1934;27.maj.34; 16:30 ;Preliminary round;Nazionale PNF;Rome ;Italy;Italy;7;1;USA;Italy; 
1934;27.maj.34; 16:30 ;Preliminary round;Littorio;Trieste ;Italy;Czechoslovakia;2;1;Romania;Czechoslovakia; 
1934;31.maj.34; 16:30 ;Quarter-finals;Stadio Benito Mussolini;Turin ;Italy;Czechoslovakia;3;2;Switzerland;Czechoslovakia; 
1934;31.maj.34; 16:30 ;Quarter-finals;San Siro;Milan ;Italy;Germany;2;1;Sweden;Germany; 
1934;31.maj.34; 16:30 ;Quarter-finals;Giovanni Berta;Florence ;Italy;Italy;1;1;Spain;Spain; 
1934;31.maj.34; 16:30 ;Quarter-finals;Littorale;Bologna ;Italy;Austria;2;1;Hungary;Austria; 
1934;01.cze.34; 16:30 ;Quarter-finals;Giovanni Berta;Florence ;Italy;Italy;1;0;Spain;Italy; 
1934;03.cze.34; 16:30 ;Semi-finals;San Siro;Milan ;Italy;Italy;1;0;Austria;Italy; 
1934;03.cze.34; 16:30 ;Semi-finals;Nazionale PNF;Rome ;Italy;Czechoslovakia;3;1;Germany;Czechoslovakia; 
1934;07.cze.34; 18:00 ;Match for third place;Giorgio Ascarelli;Naples ;Italy;Germany;3;2;Austria;Germany; 
1934;10.cze.34; 17:30 ;Final;Nazionale PNF;Rome ;Italy;Italy;2;1;Czechoslovakia;Italy;Italy win after extra time 
1938;04.cze.38; 17:00 ;First round;Parc des Princes;Paris ;France;Switzerland;1;1;Germany;Germany; 
1938;05.cze.38; 17:00 ;First round;Velodrome Municipale;Reims ;France;Hungary;6;0;Dutch East Indies;Hungary; 
1938;05.cze.38; 17:00 ;First round;Stade Olympique;Colombes ;France;France;3;1;Belgium;France; 
1938;05.cze.38; 17:00 ;First round;Stade Municipal;Toulouse ;France;Cuba;3;3;Romania;Romania; 
1938;05.cze.38; 17:00 ;First round;Stade V???lodrome;Marseilles ;France;Italy;2;1;Norway;Italy;Italy win after extra time 
1938;05.cze.38; 17:30 ;First round;Stade de la Meinau;Strasbourg ;France;Brazil;6;5;Poland;Brazil;Brazil win after extra time 
1938;05.cze.38; 18:30 ;First round;Cavee Verte;Le Havre ;France;Czechoslovakia;3;0;Netherlands;Czechoslovakia;Czechoslovakia win after extra time 
1938;09.cze.38; 18:00 ;First round;Stade Municipal;Toulouse ;France;Cuba;2;1;Romania;Cuba; 
1938;09.cze.38; 18:00 ;First round;Parc des Princes;Paris ;France;Switzerland;4;2;Germany;Switzerland; 
1938;12.cze.38; 17:00 ;Quarter-finals;Stade du Parc Lescure;Bordeaux ;France;Brazil;1;1;Czechoslovakia;Czechoslovakia; 
1938;12.cze.38; 17:00 ;Quarter-finals;Victor Boucquey;Lille ;France;Hungary;2;0;Switzerland;Hungary; 
1938;12.cze.38; 17:00 ;Quarter-finals;Fort Carree;Antibes ;France;Sweden;8;0;Cuba;Sweden; 
1938;12.cze.38; 17:00 ;Quarter-finals;Stade Olympique;Colombes ;France;Italy;3;1;France;Italy; 
1938;14.cze.38; 18:00 ;Quarter-finals;Stade du Parc Lescure;Bordeaux ;France;Brazil;2;1;Czechoslovakia;Brazil; 
1938;16.cze.38; 18:00 ;Semi-finals;Parc des Princes;Paris ;France;Hungary;5;1;Sweden;Hungary; 
1938;16.cze.38; 18:00 ;Semi-finals;Stade V???lodrome;Marseilles ;France;Italy;2;1;Brazil;Italy; 
1938;19.cze.38; 17:00 ;Match for third place;Stade du Parc Lescure;Bordeaux ;France;Brazil;4;2;Sweden;Brazil; 
1938;19.cze.38; 17:00 ;Final;Stade Olympique;Colombes ;France;Italy;4;2;Hungary;Italy; 
1950;24.cze.50; 15:00 ;Group 1;Maracan??? - Est???dio Jornalista M???rio Filho;Rio De Janeiro ;Brazil;Brazil;4;0;Mexico;Brazil; 
1950;25.cze.50; 15:00 ;Group 2;Maracan??? - Est???dio Jornalista M???rio Filho;Rio De Janeiro ;Brazil;England;2;0;Chile;England; 
1950;25.cze.50; 15:00 ;Group 2;Durival de Brito;Curitiba ;Brazil;Spain;3;1;USA;Spain; 
1950;25.cze.50; 15:00 ;Group 3;Pacaembu;Sao Paulo ;Brazil;Sweden;3;2;Italy;Sweden; 
1950;25.cze.50; 15:00 ;Group 1;Independencia;Belo Horizonte ;Brazil;Yugoslavia;3;0;Switzerland;Yugoslavia; 
1950;28.cze.50; 15:00 ;Group 1;Pacaembu;Sao Paulo ;Brazil;Brazil;2;2;Switzerland;Switzerland; 
1950;28.cze.50; 15:00 ;Group 1;Eucaliptos;Porto Alegre ;Brazil;Yugoslavia;4;1;Mexico;Yugoslavia; 
1950;29.cze.50; 15:00 ;Group 2;Maracan??? - Est???dio Jornalista M???rio Filho;Rio De Janeiro ;Brazil;Spain;2;0;Chile;Spain; 
1950;29.cze.50; 15:30 ;Group 3;Durival de Brito;Curitiba ;Brazil;Sweden;2;2;Paraguay;Paraguay; 
1950;29.cze.50; 15:00 ;Group 2;Independencia;Belo Horizonte ;Brazil;USA;1;0;England;USA; 
1950;01.lip.50; 15:00 ;Group 1;Maracan??? - Est???dio Jornalista M???rio Filho;Rio De Janeiro ;Brazil;Brazil;2;0;Yugoslavia;Brazil; 
1950;02.lip.50; 15:00 ;Group 2;Maracan??? - Est???dio Jornalista M???rio Filho;Rio De Janeiro ;Brazil;Spain;1;0;England;Spain; 
1950;02.lip.50; 15:00 ;Group 3;Pacaembu;Sao Paulo ;Brazil;Italy;2;0;Paraguay;Italy; 
1950;02.lip.50; 15:00 ;Group 4;Independencia;Belo Horizonte ;Brazil;Uruguay;8;0;Bolivia;Uruguay; 
1950;02.lip.50; 15:40 ;Group 1;Eucaliptos;Porto Alegre ;Brazil;Switzerland;2;1;Mexico;Switzerland; 
1950;02.lip.50; 15:00 ;Group 2;Ilha do Retiro;Recife ;Brazil;Chile;5;2;USA;Chile; 
1950;09.lip.50; 15:00 ;Group 6;Pacaembu;Sao Paulo ;Brazil;Uruguay;2;2;Spain;Spain; 
1950;09.lip.50; 15:00 ;Group 6;Maracan??? - Est???dio Jornalista M???rio Filho;Rio De Janeiro ;Brazil;Brazil;7;1;Sweden;Brazil; 
1950;13.lip.50; 15:00 ;Group 6;Maracan??? - Est???dio Jornalista M???rio Filho;Rio De Janeiro ;Brazil;Brazil;6;1;Spain;Brazil; 
1950;13.lip.50; 15:00 ;Group 6;Pacaembu;Sao Paulo ;Brazil;Uruguay;3;2;Sweden;Uruguay; 
1950;16.lip.50; 15:00 ;Group 6;Pacaembu;Sao Paulo ;Brazil;Sweden;3;1;Spain;Sweden; 
1950;16.lip.50; 15:00 ;Group 6;Maracan??? - Est???dio Jornalista M???rio Filho;Rio De Janeiro ;Brazil;Uruguay;2;1;Brazil;Uruguay; 
1954;16.cze.54; 18:00 ;Group 3;Wankdorf Stadium;Berne ;Switzerland;Uruguay;2;0;Czechoslovakia;Uruguay; 
1954;16.cze.54; 18:00 ;Group 3;Hardturm;Zurich ;Switzerland;Austria;1;0;Scotland;Austria; 
1954;16.cze.54; 18:00 ;Group 1;Charmilles;Geneva ;Switzerland;Brazil;5;0;Mexico;Brazil; 
1954;16.cze.54; 18:00 ;Group 1;La Pontaise;Lausanne ;Switzerland;Yugoslavia;1;0;France;Yugoslavia; 
1954;17.cze.54; 18:00 ;Group 2;Wankdorf Stadium;Berne ;Switzerland;Germany FR;4;1;Turkey;Germany FR; 
1954;17.cze.54; 18:00 ;Group 2;Hardturm;Zurich ;Switzerland;Hungary;9;0;Korea Republic;Hungary; 
1954;17.cze.54; 18:10 ;Group 4;St. Jakob;Basel ;Switzerland;England;4;4;Belgium;Belgium; 
1954;17.cze.54; 17:50 ;Group 4;La Pontaise;Lausanne ;Switzerland;Switzerland;2;1;Italy;Switzerland; 
1954;19.cze.54; 16:50 ;Group 3;St. Jakob;Basel ;Switzerland;Uruguay;7;0;Scotland;Uruguay; 
1954;19.cze.54; 17:00 ;Group 3;Hardturm;Zurich ;Switzerland;Austria;5;0;Czechoslovakia;Austria; 
1954;19.cze.54; 17:10 ;Group 1;Charmilles;Geneva ;Switzerland;France;3;2;Mexico;France; 
1954;19.cze.54; 17:00 ;Group 1;La Pontaise;Lausanne ;Switzerland;Brazil;1;1;Yugoslavia;Yugoslavia; 
1954;20.cze.54; 16:50 ;Group 2;St. Jakob;Basel ;Switzerland;Hungary;8;3;Germany FR;Hungary; 
1954;20.cze.54; 17:00 ;Group 2;Charmilles;Geneva ;Switzerland;Turkey;7;0;Korea Republic;Turkey; 
1954;20.cze.54; 17:10 ;Group 4;Wankdorf Stadium;Berne ;Switzerland;England;2;0;Switzerland;England; 
1954;20.cze.54; 17:00 ;Group 4;Comunale di Cornaredo;Lugano ;Switzerland;Italy;4;1;Belgium;Italy; 
1954;23.cze.54; 18:00 ;Group 2;Hardturm;Zurich ;Switzerland;Germany FR;7;2;Turkey;Germany FR; 
1954;23.cze.54; 18:00 ;Group 4;St. Jakob;Basel ;Switzerland;Switzerland;4;1;Italy;Switzerland; 
1954;26.cze.54; 17:00 ;Quarter-finals;St. Jakob;Basel ;Switzerland;Uruguay;4;2;England;Uruguay; 
1954;26.cze.54; 17:00 ;Quarter-finals;La Pontaise;Lausanne ;Switzerland;Austria;7;5;Switzerland;Austria; 
1954;27.cze.54; 17:00 ;Quarter-finals;Charmilles;Geneva ;Switzerland;Germany FR;2;0;Yugoslavia;Germany FR; 
1954;27.cze.54; 17:00 ;Quarter-finals;Wankdorf Stadium;Berne ;Switzerland;Hungary;4;2;Brazil;Hungary; 
1954;30.cze.54; 18:00 ;Semi-finals;St. Jakob;Basel ;Switzerland;Germany FR;6;1;Austria;Germany FR; 
1954;30.cze.54; 18:00 ;Semi-finals;La Pontaise;Lausanne ;Switzerland;Hungary;4;2;Uruguay;Hungary;Hungary win after extra time 
1954;03.lip.54; 17:00 ;Match for third place;Hardturm;Zurich ;Switzerland;Austria;3;1;Uruguay;Austria; 
1954;04.lip.54; 17:00 ;Final;Wankdorf Stadium;Berne ;Switzerland;Germany FR;3;2;Hungary;Germany FR; 
1958;08.cze.58; 14:00 ;Group 3;Rasunda Stadium;Solna ;Sweden;Sweden;3;0;Mexico;Sweden; 
1958;08.cze.58; 19:00 ;Group 4;Nya Ullevi;Gothenburg ;Sweden;Soviet Union;2;2;England;England; 
1958;08.cze.58; 19:00 ;Group 1;Malmo Stadion;Malm??? ;Sweden;Argentina;1;3;Germany FR;Germany FR; 
1958;08.cze.58; 19:00 ;Group 3;Jarnvallen;Sandviken ;Sweden;Hungary;1;1;Wales;Wales; 
1958;08.cze.58; 19:00 ;Group 2;Idrottsparken;Norrk???Ping ;Sweden;France;7;3;Paraguay;France; 
1958;08.cze.58; 19:00 ;Group 2;Arosvallen;Vasteras ;Sweden;Yugoslavia;1;1;Scotland;Scotland; 
1958;08.cze.58; 19:00 ;Group 4;Rimnersvallen;Udevalla ;Sweden;Brazil;3;0;Austria;Brazil; 
1958;08.cze.58; 19:00 ;Group 1;Orjans Vall;Halmstad ;Sweden;Northern Ireland;1;0;Czechoslovakia;Northern Ireland; 
1958;11.cze.58; 19:00 ;Group 4;Nya Ullevi;Gothenburg ;Sweden;Brazil;0;0;England;England; 
1958;11.cze.58; 19:00 ;Group 3;Rasunda Stadium;Solna ;Sweden;Mexico;1;1;Wales;Wales; 
1958;11.cze.58; 19:00 ;Group 2;Idrottsparken;Norrk???Ping ;Sweden;Paraguay;3;2;Scotland;Paraguay; 
1958;11.cze.58; 19:00 ;Group 2;Arosvallen;Vasteras ;Sweden;Yugoslavia;3;2;France;Yugoslavia; 
1958;11.cze.58; 19:00 ;Group 4;Ryavallen;Boras ;Sweden;Soviet Union;2;0;Austria;Soviet Union; 
1958;11.cze.58; 19:00 ;Group 1;Olympia Stadium;Helsingborg ;Sweden;Germany FR;2;2;Czechoslovakia;Czechoslovakia; 
1958;11.cze.58; 19:00 ;Group 1;Orjans Vall;Halmstad ;Sweden;Argentina;3;1;Northern Ireland;Argentina; 
1958;12.cze.58; 19:00 ;Group 3;Rasunda Stadium;Solna ;Sweden;Sweden;2;1;Hungary;Sweden; 
1958;15.cze.58; 14:00 ;Group 3;Rasunda Stadium;Solna ;Sweden;Sweden;0;0;Wales;Wales; 
1958;15.cze.58; 19:00 ;Group 4;Nya Ullevi;Gothenburg ;Sweden;Brazil;2;0;Soviet Union;Brazil; 
1958;15.cze.58; 19:00 ;Group 1;Malmo Stadion;Malm??? ;Sweden;Germany FR;2;2;Northern Ireland;Northern Ireland; 
1958;15.cze.58; 19:00 ;Group 3;Jarnvallen;Sandviken ;Sweden;Hungary;4;0;Mexico;Hungary; 
1958;15.cze.58; 19:00 ;Group 2;Tunavallen;Eskilstuna ;Sweden;Paraguay;3;3;Yugoslavia;Yugoslavia; 
1958;15.cze.58; 19:00 ;Group 2;Eyravallen;Orebro ;Sweden;France;2;1;Scotland;France; 
1958;15.cze.58; 19:00 ;Group 4;Ryavallen;Boras ;Sweden;England;2;2;Austria;Austria; 
1958;15.cze.58; 19:00 ;Group 1;Olympia Stadium;Helsingborg ;Sweden;Czechoslovakia;6;1;Argentina;Czechoslovakia; 
1958;17.cze.58; 19:00 ;Group 4;Nya Ullevi;Gothenburg ;Sweden;Soviet Union;1;0;England;Soviet Union; 
1958;17.cze.58; 19:00 ;Group 1;Malmo Stadion;Malm??? ;Sweden;Northern Ireland;2;1;Czechoslovakia;Northern Ireland;Northern Ireland win after extra time 
1958;17.cze.58; 19:00 ;Group 3;Rasunda Stadium;Solna ;Sweden;Wales;2;1;Hungary;Wales; 
1958;19.cze.58; 19:00 ;Quarter-finals;Nya Ullevi;Gothenburg ;Sweden;Brazil;1;0;Wales;Brazil; 
1958;19.cze.58; 19:00 ;Quarter-finals;Malmo Stadion;Malm??? ;Sweden;Germany FR;1;0;Yugoslavia;Germany FR; 
1958;19.cze.58; 19:00 ;Quarter-finals;Rasunda Stadium;Solna ;Sweden;Sweden;2;0;Soviet Union;Sweden; 
1958;19.cze.58; 19:00 ;Quarter-finals;Idrottsparken;Norrk???Ping ;Sweden;France;4;0;Northern Ireland;France; 
1958;24.cze.58; 19:00 ;Semi-finals;Nya Ullevi;Gothenburg ;Sweden;Sweden;3;1;Germany FR;Sweden; 
1958;24.cze.58; 19:00 ;Semi-finals;Rasunda Stadium;Solna ;Sweden;Brazil;5;2;France;Brazil; 
1958;28.cze.58; 17:00 ;Match for third place;Nya Ullevi;Gothenburg ;Sweden;France;6;3;Germany FR;France; 
1958;29.cze.58; 15:00 ;Final;Rasunda Stadium;Solna ;Sweden;Brazil;5;2;Sweden;Brazil; 
1962;30.maj.62; 15:00 ;Group 1;Carlos Dittborn;Arica ;Chile;Uruguay;2;1;Colombia;Uruguay; 
1962;30.maj.62; 15:00 ;Group 3;Estadio Sausalito;Vina Del Mar ;Chile;Brazil;2;0;Mexico;Brazil; 
1962;30.maj.62; 15:00 ;Group 4;Estadio El Teniente-Codelco;Rancagua ;Chile;Argentina;1;0;Bulgaria;Argentina; 
1962;30.maj.62; 15:00 ;Group 2;Nacional;Santiago De Chile ;Chile;Chile;3;1;Switzerland;Chile; 
1962;31.maj.62; 15:00 ;Group 1;Carlos Dittborn;Arica ;Chile;Soviet Union;2;0;Yugoslavia;Soviet Union; 
1962;31.maj.62; 15:00 ;Group 3;Estadio Sausalito;Vina Del Mar ;Chile;Czechoslovakia;1;0;Spain;Czechoslovakia; 
1962;31.maj.62; 15:00 ;Group 4;Estadio El Teniente-Codelco;Rancagua ;Chile;Hungary;2;1;England;Hungary; 
1962;31.maj.62; 15:00 ;Group 2;Nacional;Santiago De Chile ;Chile;Germany FR;0;0;Italy;Italy; 
1962;02.cze.62; 15:00 ;Group 1;Carlos Dittborn;Arica ;Chile;Yugoslavia;3;1;Uruguay;Yugoslavia; 
1962;02.cze.62; 15:00 ;Group 3;Estadio Sausalito;Vina Del Mar ;Chile;Brazil;0;0;Czechoslovakia;Czechoslovakia; 
1962;02.cze.62; 15:00 ;Group 4;Estadio El Teniente-Codelco;Rancagua ;Chile;England;3;1;Argentina;England; 
1962;02.cze.62; 15:00 ;Group 2;Nacional;Santiago De Chile ;Chile;Chile;2;0;Italy;Chile; 
1962;03.cze.62; 15:00 ;Group 1;Carlos Dittborn;Arica ;Chile;Soviet Union;4;4;Colombia;Colombia; 
1962;03.cze.62; 15:00 ;Group 3;Estadio Sausalito;Vina Del Mar ;Chile;Spain;1;0;Mexico;Spain; 
1962;03.cze.62; 15:00 ;Group 4;Estadio El Teniente-Codelco;Rancagua ;Chile;Hungary;6;1;Bulgaria;Hungary; 
1962;03.cze.62; 15:00 ;Group 2;Nacional;Santiago De Chile ;Chile;Germany FR;2;1;Switzerland;Germany FR; 
1962;06.cze.62; 15:00 ;Group 1;Carlos Dittborn;Arica ;Chile;Soviet Union;2;1;Uruguay;Soviet Union; 
1962;06.cze.62; 15:00 ;Group 3;Estadio Sausalito;Vina Del Mar ;Chile;Brazil;2;1;Spain;Brazil; 
1962;06.cze.62; 15:00 ;Group 4;Estadio El Teniente-Codelco;Rancagua ;Chile;Hungary;0;0;Argentina;Argentina; 
1962;06.cze.62; 15:00 ;Group 2;Nacional;Santiago De Chile ;Chile;Germany FR;2;0;Chile;Germany FR; 
1962;07.cze.62; 15:00 ;Group 1;Carlos Dittborn;Arica ;Chile;Yugoslavia;5;0;Colombia;Yugoslavia; 
1962;07.cze.62; 15:00 ;Group 3;Estadio Sausalito;Vina Del Mar ;Chile;Mexico;3;1;Czechoslovakia;Mexico; 
1962;07.cze.62; 15:00 ;Group 4;Estadio El Teniente-Codelco;Rancagua ;Chile;England;0;0;Bulgaria;Bulgaria; 
1962;07.cze.62; 15:00 ;Group 2;Nacional;Santiago De Chile ;Chile;Italy;3;0;Switzerland;Italy; 
1962;10.cze.62; 14:30 ;Quarter-finals;Carlos Dittborn;Arica ;Chile;Chile;2;1;Soviet Union;Chile; 
1962;10.cze.62; 14:30 ;Quarter-finals;Estadio Sausalito;Vina Del Mar ;Chile;Brazil;3;1;England;Brazil; 
1962;10.cze.62; 14:30 ;Quarter-finals;Estadio El Teniente-Codelco;Rancagua ;Chile;Czechoslovakia;1;0;Hungary;Czechoslovakia; 
1962;10.cze.62; 14:30 ;Quarter-finals;Nacional;Santiago De Chile ;Chile;Yugoslavia;1;0;Germany FR;Yugoslavia; 
1962;13.cze.62; 14:30 ;Semi-finals;Estadio Sausalito;Vina Del Mar ;Chile;Czechoslovakia;3;1;Yugoslavia;Czechoslovakia; 
1962;13.cze.62; 14:30 ;Semi-finals;Nacional;Santiago De Chile ;Chile;Brazil;4;2;Chile;Brazil; 
1962;16.cze.62; 14:30 ;Match for third place;Nacional;Santiago De Chile ;Chile;Chile;1;0;Yugoslavia;Chile; 
1962;17.cze.62; 14:30 ;Final;Nacional;Santiago De Chile ;Chile;Brazil;3;1;Czechoslovakia;Brazil; 
1966;11.lip.66; 19:30 ;Group 1;Wembley Stadium;London ;England;England;0;0;Uruguay;Uruguay; 
1966;12.lip.66; 19:30 ;Group 2;Hillsborough;Sheffield ;England;Germany FR;5;0;Switzerland;Germany FR; 
1966;12.lip.66; 19:30 ;Group 3;Goodison Park;Liverpool ;England;Brazil;2;0;Bulgaria;Brazil; 
1966;12.lip.66; 19:30 ;Group 4;Ayresome Park;Middlesbrough ;England;Soviet Union;3;0;Korea DPR;Soviet Union; 
1966;13.lip.66; 19:30 ;Group 1;Wembley Stadium;London ;England;France;1;1;Mexico;Mexico; 
1966;13.lip.66; 19:30 ;Group 3;Old Trafford Stadium;Manchester ;England;Portugal;3;1;Hungary;Portugal; 
1966;13.lip.66; 19:30 ;Group 2;Villa Park;Birmingham ;England;Argentina;2;1;Spain;Argentina; 
1966;13.lip.66; 19:30 ;Group 4;Roker Park Ground;Sunderland ;England;Italy;2;0;Chile;Italy; 
1966;15.lip.66; 19:30 ;Group 1;White City;London ;England;Uruguay;2;1;France;Uruguay; 
1966;15.lip.66; 19:30 ;Group 2;Hillsborough;Sheffield ;England;Spain;2;1;Switzerland;Spain; 
1966;15.lip.66; 19:30 ;Group 3;Goodison Park;Liverpool ;England;Hungary;3;1;Brazil;Hungary; 
1966;15.lip.66; 19:30 ;Group 4;Ayresome Park;Middlesbrough ;England;Korea DPR;1;1;Chile;Chile; 
1966;16.lip.66; 15:00 ;Group 3;Old Trafford Stadium;Manchester ;England;Portugal;3;0;Bulgaria;Portugal; 
1966;16.lip.66; 15:00 ;Group 2;Villa Park;Birmingham ;England;Germany FR;0;0;Argentina;Argentina; 
1966;16.lip.66; 15:00 ;Group 4;Roker Park Ground;Sunderland ;England;Soviet Union;1;0;Italy;Soviet Union; 
1966;16.lip.66; 19:30 ;Group 1;Wembley Stadium;London ;England;England;2;0;Mexico;England; 
1966;19.lip.66; 16:30 ;Group 1;Wembley Stadium;London ;England;Uruguay;0;0;Mexico;Mexico; 
1966;19.lip.66; 19:30 ;Group 2;Hillsborough;Sheffield ;England;Argentina;2;0;Switzerland;Argentina; 
1966;19.lip.66; 19:30 ;Group 3;Goodison Park;Liverpool ;England;Portugal;3;1;Brazil;Portugal; 
1966;19.lip.66; 19:30 ;Group 4;Ayresome Park;Middlesbrough ;England;Korea DPR;1;0;Italy;Korea DPR; 
1966;20.lip.66; 19:30 ;Group 1;Wembley Stadium;London ;England;England;2;0;France;England; 
1966;20.lip.66; 19:30 ;Group 3;Old Trafford Stadium;Manchester ;England;Hungary;3;1;Bulgaria;Hungary; 
1966;20.lip.66; 19:30 ;Group 2;Villa Park;Birmingham ;England;Germany FR;2;1;Spain;Germany FR; 
1966;20.lip.66; 19:30 ;Group 4;Roker Park Ground;Sunderland ;England;Soviet Union;2;1;Chile;Soviet Union; 
1966;23.lip.66; 15:00 ;Quarter-finals;Wembley Stadium;London ;England;England;1;0;Argentina;England; 
1966;23.lip.66; 15:00 ;Quarter-finals;Hillsborough;Sheffield ;England;Germany FR;4;0;Uruguay;Germany FR; 
1966;23.lip.66; 15:00 ;Quarter-finals;Roker Park Ground;Sunderland ;England;Soviet Union;2;1;Hungary;Soviet Union; 
1966;23.lip.66; 15:00 ;Quarter-finals;Goodison Park;Liverpool ;England;Portugal;5;3;Korea DPR;Portugal; 
1966;25.lip.66; 19:30 ;Semi-finals;Goodison Park;Liverpool ;England;Germany FR;2;1;Soviet Union;Germany FR; 
1966;26.lip.66; 19:30 ;Semi-finals;Wembley Stadium;London ;England;England;2;1;Portugal;England; 
1966;28.lip.66; 19:30 ;Match for third place;Wembley Stadium;London ;England;Portugal;2;1;Soviet Union;Portugal; 
1966;30.lip.66; 15:00 ;Final;Wembley Stadium;London ;England;England;4;2;Germany FR;England;England win after extra time 
1970;31.maj.70; 12:00 ;Group 1;Estadio Azteca;Mexico City ;Mexico;Mexico;0;0;Soviet Union;Soviet Union; 
1970;02.cze.70; 16:00 ;Group 2;Cuauhtemoc;Puebla ;Mexico;Uruguay;2;0;Israel;Uruguay; 
1970;02.cze.70; 16:00 ;Group 4;Nou Camp - Estadio Le???n;Leon ;Mexico;Peru;3;2;Bulgaria;Peru; 
1970;02.cze.70; 16:00 ;Group 3;Jalisco;Guadalajara ;Mexico;England;1;0;Romania;England; 
1970;03.cze.70; 16:00 ;Group 2;Luis Dosal;Toluca ;Mexico;Italy;1;0;Sweden;Italy; 
1970;03.cze.70; 16:00 ;Group 4;Nou Camp - Estadio Le???n;Leon ;Mexico;Germany FR;2;1;Morocco;Germany FR; 
1970;03.cze.70; 16:00 ;Group 3;Jalisco;Guadalajara ;Mexico;Brazil;4;1;Czechoslovakia;Brazil; 
1970;03.cze.70; 16:00 ;Group 1;Estadio Azteca;Mexico City ;Mexico;Belgium;3;0;El Salvador;Belgium; 
1970;06.cze.70; 16:00 ;Group 2;Cuauhtemoc;Puebla ;Mexico;Uruguay;0;0;Italy;Italy; 
1970;06.cze.70; 16:00 ;Group 4;Nou Camp - Estadio Le???n;Leon ;Mexico;Peru;3;0;Morocco;Peru; 
1970;06.cze.70; 16:00 ;Group 3;Jalisco;Guadalajara ;Mexico;Romania;2;1;Czechoslovakia;Romania; 
1970;06.cze.70; 16:00 ;Group 1;Estadio Azteca;Mexico City ;Mexico;Soviet Union;4;1;Belgium;Soviet Union; 
1970;07.cze.70; 12:00 ;Group 2;Luis Dosal;Toluca ;Mexico;Sweden;1;1;Israel;Israel; 
1970;07.cze.70; 12:00 ;Group 4;Nou Camp - Estadio Le???n;Leon ;Mexico;Germany FR;5;2;Bulgaria;Germany FR; 
1970;07.cze.70; 12:00 ;Group 3;Jalisco;Guadalajara ;Mexico;Brazil;1;0;England;Brazil; 
1970;07.cze.70; 12:00 ;Group 1;Estadio Azteca;Mexico City ;Mexico;Mexico;4;0;El Salvador;Mexico; 
1970;10.cze.70; 16:00 ;Group 2;Cuauhtemoc;Puebla ;Mexico;Sweden;1;0;Uruguay;Sweden; 
1970;10.cze.70; 16:00 ;Group 4;Nou Camp - Estadio Le???n;Leon ;Mexico;Germany FR;3;1;Peru;Germany FR; 
1970;10.cze.70; 16:00 ;Group 3;Jalisco;Guadalajara ;Mexico;Brazil;3;2;Romania;Brazil; 
1970;10.cze.70; 16:00 ;Group 1;Estadio Azteca;Mexico City ;Mexico;Soviet Union;2;0;El Salvador;Soviet Union; 
1970;11.cze.70; 16:00 ;Group 2;Luis Dosal;Toluca ;Mexico;Italy;0;0;Israel;Israel; 
1970;11.cze.70; 16:00 ;Group 4;Nou Camp - Estadio Le???n;Leon ;Mexico;Bulgaria;1;1;Morocco;Morocco; 
1970;11.cze.70; 16:00 ;Group 3;Jalisco;Guadalajara ;Mexico;England;1;0;Czechoslovakia;England; 
1970;11.cze.70; 16:00 ;Group 1;Estadio Azteca;Mexico City ;Mexico;Mexico;1;0;Belgium;Mexico; 
1970;14.cze.70; 12:00 ;Quarter-finals;Luis Dosal;Toluca ;Mexico;Italy;4;1;Mexico;Italy; 
1970;14.cze.70; 12:00 ;Quarter-finals;Nou Camp - Estadio Le???n;Leon ;Mexico;Germany FR;3;2;England;Germany FR;Germany FR win after extra time 
1970;14.cze.70; 12:00 ;Quarter-finals;Jalisco;Guadalajara ;Mexico;Brazil;4;2;Peru;Brazil; 
1970;14.cze.70; 12:00 ;Quarter-finals;Estadio Azteca;Mexico City ;Mexico;Uruguay;1;0;Soviet Union;Uruguay;Uruguay win after extra time 
1970;17.cze.70; 16:00 ;Semi-finals;Jalisco;Guadalajara ;Mexico;Brazil;3;1;Uruguay;Brazil; 
1970;17.cze.70; 16:00 ;Semi-finals;Estadio Azteca;Mexico City ;Mexico;Italy;4;3;Germany FR;Italy;Italy win after extra time 
1970;20.cze.70; 16:00 ;Match for third place;Estadio Azteca;Mexico City ;Mexico;Germany FR;1;0;Uruguay;Germany FR; 
1970;21.cze.70; 12:00 ;Final;Estadio Azteca;Mexico City ;Mexico;Brazil;4;1;Italy;Brazil; 
1974;13.cze.74; 17:00 ;Group 2;Waldstadion;Frankfurt/Main ;Germany;Brazil;0;0;Yugoslavia;Yugoslavia; 
1974;14.cze.74; 16:00 ;Group 1;Olympiastadion;Berlin West ;Germany;Germany FR;1;0;Chile;Germany FR; 
1974;14.cze.74; 19:30 ;Group 1;Volksparkstadion;Hamburg ;Germany;German DR;2;0;Australia;German DR; 
1974;14.cze.74; 19:30 ;Group 2;Westfalenstadion;Dortmund ;Germany;Zaire;0;2;Scotland;Scotland; 
1974;15.cze.74; 16:00 ;Group 3;Niedersachsenstadion;Hanover ;Germany;Uruguay;0;2;Netherlands;Netherlands; 
1974;15.cze.74; 16:00 ;Group 3;Rheinstadion;D???Sseldorf ;Germany;Sweden;0;0;Bulgaria;Bulgaria; 
1974;15.cze.74; 18:00 ;Group 4;Olympiastadion;Munich ;Germany;Italy;3;1;Haiti;Italy; 
1974;15.cze.74; 18:00 ;Group 4;Neckarstadion;Stuttgart ;Germany;Poland;3;2;Argentina;Poland; 
1974;18.cze.74; 16:00 ;Group 1;Volksparkstadion;Hamburg ;Germany;Australia;0;3;Germany FR;Germany FR; 
1974;18.cze.74; 19:30 ;Group 2;Waldstadion;Frankfurt/Main ;Germany;Scotland;0;0;Brazil;Brazil; 
1974;18.cze.74; 19:30 ;Group 1;Olympiastadion;Berlin West ;Germany;Chile;1;1;German DR;German DR; 
1974;18.cze.74; 19:30 ;Group 2;Parkstadion;Gelsenkirchen ;Germany;Yugoslavia;9;0;Zaire;Yugoslavia; 
1974;19.cze.74; 19:30 ;Group 3;Westfalenstadion;Dortmund ;Germany;Netherlands;0;0;Sweden;Sweden; 
1974;19.cze.74; 19:30 ;Group 3;Niedersachsenstadion;Hanover ;Germany;Bulgaria;1;1;Uruguay;Uruguay; 
1974;19.cze.74; 19:30 ;Group 4;Olympiastadion;Munich ;Germany;Haiti;0;7;Poland;Poland; 
1974;19.cze.74; 19:30 ;Group 4;Neckarstadion;Stuttgart ;Germany;Argentina;1;1;Italy;Italy; 
1974;22.cze.74; 16:00 ;Group 2;Waldstadion;Frankfurt/Main ;Germany;Scotland;1;1;Yugoslavia;Yugoslavia; 
1974;22.cze.74; 16:00 ;Group 1;Olympiastadion;Berlin West ;Germany;Australia;0;0;Chile;Chile; 
1974;22.cze.74; 16:00 ;Group 2;Parkstadion;Gelsenkirchen ;Germany;Zaire;0;3;Brazil;Brazil; 
1974;22.cze.74; 19:30 ;Group 1;Volksparkstadion;Hamburg ;Germany;German DR;1;0;Germany FR;German DR; 
1974;23.cze.74; 16:00 ;Group 3;Westfalenstadion;Dortmund ;Germany;Bulgaria;1;4;Netherlands;Netherlands; 
1974;23.cze.74; 16:00 ;Group 4;Olympiastadion;Munich ;Germany;Argentina;4;1;Haiti;Argentina; 
1974;23.cze.74; 16:00 ;Group 3;Rheinstadion;D???Sseldorf ;Germany;Sweden;3;0;Uruguay;Sweden; 
1974;23.cze.74; 16:00 ;Group 4;Neckarstadion;Stuttgart ;Germany;Poland;2;1;Italy;Poland; 
1974;26.cze.74; 16:00 ;Group B;Rheinstadion;D???Sseldorf ;Germany;Yugoslavia;0;2;Germany FR;Germany FR; 
1974;26.cze.74; 19:30 ;Group A;Niedersachsenstadion;Hanover ;Germany;Brazil;1;0;German DR;Brazil; 
1974;26.cze.74; 19:30 ;Group A;Parkstadion;Gelsenkirchen ;Germany;Netherlands;4;0;Argentina;Netherlands; 
1974;26.cze.74; 19:30 ;Group B;Neckarstadion;Stuttgart ;Germany;Sweden;0;1;Poland;Poland; 
1974;30.cze.74; 16:00 ;Group A;Niedersachsenstadion;Hanover ;Germany;Argentina;1;2;Brazil;Brazil; 
1974;30.cze.74; 16:00 ;Group B;Waldstadion;Frankfurt/Main ;Germany;Poland;2;1;Yugoslavia;Poland; 
1974;30.cze.74; 16:00 ;Group A;Parkstadion;Gelsenkirchen ;Germany;German DR;0;2;Netherlands;Netherlands; 
1974;30.cze.74; 19:30 ;Group B;Rheinstadion;D???Sseldorf ;Germany;Germany FR;4;2;Sweden;Germany FR; 
1974;03.lip.74; 17:00 ;Group B;Waldstadion;Frankfurt/Main ;Germany;Poland;0;1;Germany FR;Germany FR; 
1974;03.lip.74; 19:30 ;Group A;Westfalenstadion;Dortmund ;Germany;Netherlands;2;0;Brazil;Netherlands; 
1974;03.lip.74; 19:30 ;Group A;Parkstadion;Gelsenkirchen ;Germany;Argentina;1;1;German DR;German DR; 
1974;03.lip.74; 19:30 ;Group B;Rheinstadion;D???Sseldorf ;Germany;Sweden;2;1;Yugoslavia;Sweden; 
1974;06.lip.74; 16:00 ;Match for third place;Olympiastadion;Munich ;Germany;Brazil;0;1;Poland;Poland; 
1974;07.lip.74; 16:00 ;Final;Olympiastadion;Munich ;Germany;Netherlands;1;2;Germany FR;Germany FR; 
1978;01.cze.78; 15:00 ;Group 2;El Monumental - Estadio Monumental Antonio Vespuci;Buenos Aires ;Argentina;Germany FR;0;0;Poland;Poland; 
1978;02.cze.78; 13:45 ;Group 1;Estadio Jos??? Mar???a Minella;Mar Del Plata ;Argentina;Italy;2;1;France;Italy; 
1978;02.cze.78; 16:45 ;Group 2;Arroyito - Estadio Dr. Lisandro de la Torre;Rosario ;Argentina;Tunisia;3;1;Mexico;Tunisia; 
1978;02.cze.78; 19:15 ;Group 1;El Monumental - Estadio Monumental Antonio Vespuci;Buenos Aires ;Argentina;Argentina;2;1;Hungary;Argentina; 
1978;03.cze.78; 13:45 ;Group 3;Estadio Jos??? Mar???a Minella;Mar Del Plata ;Argentina;Sweden;1;1;Brazil;Brazil; 
1978;03.cze.78; 13:45 ;Group 3;Jose Amalfitani;Buenos Aires ;Argentina;Austria;2;1;Spain;Austria; 
1978;03.cze.78; 16:45 ;Group 4;Estadio Ol???mpico Chateau Carreras;Cordoba ;Argentina;Peru;3;1;Scotland;Peru; 
1978;03.cze.78; 16:45 ;Group 4;San Martin;Mendoza ;Argentina;Netherlands;3;0;IR Iran;Netherlands; 
1978;06.cze.78; 13:45 ;Group 1;Estadio Jos??? Mar???a Minella;Mar Del Plata ;Argentina;Italy;3;1;Hungary;Italy; 
1978;06.cze.78; 16:45 ;Group 2;Arroyito - Estadio Dr. Lisandro de la Torre;Rosario ;Argentina;Poland;1;0;Tunisia;Poland; 
1978;06.cze.78; 16:45 ;Group 2;Estadio Ol???mpico Chateau Carreras;Cordoba ;Argentina;Germany FR;6;0;Mexico;Germany FR; 
1978;06.cze.78; 19:15 ;Group 1;El Monumental - Estadio Monumental Antonio Vespuci;Buenos Aires ;Argentina;Argentina;2;1;France;Argentina; 
1978;07.cze.78; 13:45 ;Group 3;Estadio Jos??? Mar???a Minella;Mar Del Plata ;Argentina;Brazil;0;0;Spain;Spain; 
1978;07.cze.78; 13:45 ;Group 3;Jose Amalfitani;Buenos Aires ;Argentina;Austria;1;0;Sweden;Austria; 
1978;07.cze.78; 16:45 ;Group 4;Estadio Ol???mpico Chateau Carreras;Cordoba ;Argentina;Scotland;1;1;IR Iran;IR Iran; 
1978;07.cze.78; 16:45 ;Group 4;San Martin;Mendoza ;Argentina;Netherlands;0;0;Peru;Peru; 
1978;10.cze.78; 15:10 ;Group 1;Estadio Jos??? Mar???a Minella;Mar Del Plata ;Argentina;France;3;1;Hungary;France; 
1978;10.cze.78; 16:45 ;Group 2;Arroyito - Estadio Dr. Lisandro de la Torre;Rosario ;Argentina;Poland;3;1;Mexico;Poland; 
1978;10.cze.78; 16:45 ;Group 2;Estadio Ol???mpico Chateau Carreras;Cordoba ;Argentina;Germany FR;0;0;Tunisia;Tunisia; 
1978;10.cze.78; 19:15 ;Group 1;El Monumental - Estadio Monumental Antonio Vespuci;Buenos Aires ;Argentina;Italy;1;0;Argentina;Italy; 
1978;11.cze.78; 13:45 ;Group 3;Estadio Jos??? Mar???a Minella;Mar Del Plata ;Argentina;Brazil;1;0;Austria;Brazil; 
1978;11.cze.78; 13:45 ;Group 3;Jose Amalfitani;Buenos Aires ;Argentina;Spain;1;0;Sweden;Spain; 
1978;11.cze.78; 16:45 ;Group 4;Estadio Ol???mpico Chateau Carreras;Cordoba ;Argentina;Peru;4;1;Iran;Peru; 
1978;11.cze.78; 16:45 ;Group 4;San Martin;Mendoza ;Argentina;Scotland;3;2;Netherlands;Scotland; 
1978;14.cze.78; 13:45 ;Group A;El Monumental - Estadio Monumental Antonio Vespuci;Buenos Aires ;Argentina;Germany FR;0;0;Italy;Italy; 
1978;14.cze.78; 13:45 ;Group A;Estadio Ol???mpico Chateau Carreras;Cordoba ;Argentina;Netherlands;5;1;Austria;Netherlands; 
1978;14.cze.78; 16:45 ;Group B;San Martin;Mendoza ;Argentina;Brazil;3;0;Peru;Brazil; 
1978;14.cze.78; 19:15 ;Group B;Arroyito - Estadio Dr. Lisandro de la Torre;Rosario ;Argentina;Argentina;2;0;Poland;Argentina; 
1978;18.cze.78; 13:45 ;Group B;San Martin;Mendoza ;Argentina;Poland;1;0;Peru;Poland; 
1978;18.cze.78; 16:45 ;Group A;El Monumental - Estadio Monumental Antonio Vespuci;Buenos Aires ;Argentina;Italy;1;0;Austria;Italy; 
1978;18.cze.78; 16:45 ;Group A;Estadio Ol???mpico Chateau Carreras;Cordoba ;Argentina;Germany FR;2;2;Netherlands;Netherlands; 
1978;18.cze.78; 19:15 ;Group B;Arroyito - Estadio Dr. Lisandro de la Torre;Rosario ;Argentina;Argentina;0;0;Brazil;Brazil; 
1978;21.cze.78; 13:45 ;Group A;El Monumental - Estadio Monumental Antonio Vespuci;Buenos Aires ;Argentina;Netherlands;2;1;Italy;Netherlands; 
1978;21.cze.78; 13:45 ;Group A;Estadio Ol???mpico Chateau Carreras;Cordoba ;Argentina;Austria;3;2;Germany FR;Austria; 
1978;21.cze.78; 16:45 ;Group B;San Martin;Mendoza ;Argentina;Brazil;3;1;Poland;Brazil; 
1978;21.cze.78; 19:15 ;Group B;Arroyito - Estadio Dr. Lisandro de la Torre;Rosario ;Argentina;Argentina;6;0;Peru;Argentina; 
1978;24.cze.78; 15:00 ;Match for third place;El Monumental - Estadio Monumental Antonio Vespuci;Buenos Aires ;Argentina;Brazil;2;1;Italy;Brazil; 
1978;25.cze.78; 15:00 ;Final;El Monumental - Estadio Monumental Antonio Vespuci;Buenos Aires ;Argentina;Argentina;3;1;Netherlands;Argentina;Argentina win after extra time 
1982;13.cze.82; 20:00 ;Group 3;Camp Nou;Barcelona ;Spain;Argentina;0;1;Belgium;Belgium; 
1982;14.cze.82; 17:15 ;Group 1;Estadio Municipal de Bala???dos;Vigo ;Spain;Italy;0;0;Poland;Poland; 
1982;14.cze.82; 21:00 ;Group 6;Ramon Sanchez Pizjuan;Seville ;Spain;Brazil;2;1;Soviet Union;Brazil; 
1982;15.cze.82; 17:15 ;Group 1;Riazor;La Coru???A ;Spain;Peru;0;0;Cameroon;Cameroon; 
1982;15.cze.82; 21:00 ;Group 3;Nuevo Estadio;Elche ;Spain;Hungary;10;1;El Salvador;Hungary; 
1982;15.cze.82; 21:00 ;Group 6;La Rosaleda;Malaga ;Spain;Scotland;5;2;New Zealand;Scotland; 
1982;16.cze.82; 17:15 ;Group 2;El Molinon;Gijon ;Spain;Germany FR;1;2;Algeria;Algeria; 
1982;16.cze.82; 17:15 ;Group 4;San Mames;Bilbao ;Spain;England;3;1;France;England; 
1982;16.cze.82; 21:00 ;Group 5;Luis Casanova;Valencia ;Spain;Spain;1;1;Honduras;Honduras; 
1982;17.cze.82; 17:15 ;Group 2;Carlos Tartiere;Oviedo ;Spain;Chile;0;1;Austria;Austria; 
1982;17.cze.82; 17:45 ;Group 4;Jose Zorrilla;Valladolid ;Spain;Czechoslovakia;1;1;Kuwait;Kuwait; 
1982;17.cze.82; 21:00 ;Group 5;La Romareda;Zaragoza ;Spain;Yugoslavia;0;0;Northern Ireland;Northern Ireland; 
1982;18.cze.82; 17:15 ;Group 1;Estadio Municipal de Bala???dos;Vigo ;Spain;Italy;1;1;Peru;Peru; 
1982;18.cze.82; 21:00 ;Group 3;Jose Rico Perez;Alicante ;Spain;Argentina;4;1;Hungary;Argentina; 
1982;18.cze.82; 21:00 ;Group 6;Benito Villamarin;Seville ;Spain;Brazil;4;1;Scotland;Brazil; 
1982;19.cze.82; 19:15 ;Group 1;Riazor;La Coru???A ;Spain;Poland;0;0;Cameroon;Cameroon; 
1982;19.cze.82; 21:00 ;Group 3;Nuevo Estadio;Elche ;Spain;Belgium;1;0;El Salvador;Belgium; 
1982;19.cze.82; 21:00 ;Group 6;La Rosaleda;Malaga ;Spain;Soviet Union;3;0;New Zealand;Soviet Union; 
1982;20.cze.82; 17:15 ;Group 2;El Molinon;Gijon ;Spain;Germany FR;4;1;Chile;Germany FR; 
1982;20.cze.82; 17:15 ;Group 4;San Mames;Bilbao ;Spain;England;2;0;Czechoslovakia;England; 
1982;20.cze.82; 21:00 ;Group 5;Luis Casanova;Valencia ;Spain;Spain;2;1;Yugoslavia;Spain; 
1982;21.cze.82; 17:15 ;Group 2;Carlos Tartiere;Oviedo ;Spain;Algeria;0;2;Austria;Austria; 
1982;21.cze.82; 17:15 ;Group 4;Jose Zorrilla;Valladolid ;Spain;France;4;1;Kuwait;France; 
1982;21.cze.82; 21:00 ;Group 5;La Romareda;Zaragoza ;Spain;Honduras;1;1;Northern Ireland;Northern Ireland; 
1982;22.cze.82; 17:15 ;Group 1;Riazor;La Coru???A ;Spain;Poland;5;1;Peru;Poland; 
1982;22.cze.82; 21:00 ;Group 3;Nuevo Estadio;Elche ;Spain;Belgium;1;1;Hungary;Hungary; 
1982;22.cze.82; 21:00 ;Group 6;La Rosaleda;Malaga ;Spain;Soviet Union;2;2;Scotland;Scotland; 
1982;23.cze.82; 17:15 ;Group 1;Estadio Municipal de Bala???dos;Vigo ;Spain;Italy;1;1;Cameroon;Cameroon; 
1982;23.cze.82; 21:00 ;Group 3;Jose Rico Perez;Alicante ;Spain;Argentina;2;0;El Salvador;Argentina; 
1982;23.cze.82; 21:00 ;Group 6;Benito Villamarin;Seville ;Spain;Brazil;4;0;New Zealand;Brazil; 
1982;24.cze.82; 17:15 ;Group 2;Carlos Tartiere;Oviedo ;Spain;Algeria;3;2;Chile;Algeria; 
1982;24.cze.82; 17:15 ;Group 4;Jose Zorrilla;Valladolid ;Spain;France;1;1;Czechoslovakia;Czechoslovakia; 
1982;24.cze.82; 21:00 ;Group 5;La Romareda;Zaragoza ;Spain;Honduras;0;1;Yugoslavia;Yugoslavia; 
1982;25.cze.82; 17:15 ;Group 2;El Molinon;Gijon ;Spain;Germany FR;1;0;Austria;Germany FR; 
1982;25.cze.82; 17:15 ;Group 4;San Mames;Bilbao ;Spain;England;1;0;Kuwait;England; 
1982;25.cze.82; 21:00 ;Group 5;Luis Casanova;Valencia ;Spain;Northern Ireland;1;0;Spain;Northern Ireland; 
1982;28.cze.82; 17:15 ;Group 4;Vicente Calderon;Madrid ;Spain;Austria;0;1;France;France; 
1982;28.cze.82; 21:00 ;Group 1;Camp Nou;Barcelona ;Spain;Poland;3;0;Belgium;Poland; 
1982;29.cze.82; 17:15 ;Group 3;Sarria;Barcelona ;Spain;Italy;2;1;Argentina;Italy; 
1982;29.cze.82; 21:00 ;Group 2;Santiago Bernabeu;Madrid ;Spain;Germany FR;0;0;England;England; 
1982;01.lip.82; 17:15 ;Group 4;Vicente Calderon;Madrid ;Spain;Austria;2;2;Northern Ireland;Northern Ireland; 
1982;01.lip.82; 21:00 ;Group 1;Camp Nou;Barcelona ;Spain;Belgium;0;1;Soviet Union;Soviet Union; 
1982;02.lip.82; 17:15 ;Group 3;Sarria;Barcelona ;Spain;Argentina;1;3;Brazil;Brazil; 
1982;02.lip.82; 21:00 ;Group 2;Santiago Bernabeu;Madrid ;Spain;Germany FR;2;1;Spain;Germany FR; 
1982;04.lip.82; 17:15 ;Group 4;Vicente Calderon;Madrid ;Spain;France;4;1;Northern Ireland;France; 
1982;04.lip.82; 21:00 ;Group 1;Camp Nou;Barcelona ;Spain;Poland;0;0;Soviet Union;Soviet Union; 
1982;05.lip.82; 17:15 ;Group 3;Sarria;Barcelona ;Spain;Italy;3;2;Brazil;Italy; 
1982;05.lip.82; 21:00 ;Group 2;Santiago Bernabeu;Madrid ;Spain;Spain;0;0;England;England; 
1982;08.lip.82; 17:15 ;Semi-finals;Camp Nou;Barcelona ;Spain;Poland;0;2;Italy;Italy; 
1982;08.lip.82; 21:00 ;Semi-finals;Ramon Sanchez Pizjuan;Seville ;Spain;Germany FR;3;3;France;Germany FR; win on penalties (5 - 4) 
1982;10.lip.82; 20:00 ;Match for third place;Jose Rico Perez;Alicante ;Spain;Poland;3;2;France;Poland; 
1982;11.lip.82; 20:00 ;Final;Santiago Bernabeu;Madrid ;Spain;Italy;3;1;Germany FR;Italy; 
1986;31.maj.86; 12:00 ;Group A;Estadio Azteca;Mexico City ;Mexico;Bulgaria;1;1;Italy;Italy; 
1986;01.cze.86; 16:00 ;Group C;Nou Camp - Estadio Le???n;Leon ;Mexico;Canada;0;1;France;France; 
1986;01.cze.86; 12:00 ;Group D;Jalisco;Guadalajara ;Mexico;Spain;0;1;Brazil;Brazil; 
1986;02.cze.86; 12:00 ;Group C;Estadio Irapuato;Irapuato ;Mexico;Soviet Union;6;0;Hungary;Soviet Union; 
1986;02.cze.86; 12:00 ;Group A;Estadio Ol???mpico Universitario;Mexico City ;Mexico;Argentina;3;1;Korea Republic;Argentina; 
1986;02.cze.86; 16:00 ;Group F;Estadio Universitario;Monterrey ;Mexico;Morocco;0;0;Poland;Poland; 
1986;03.cze.86; 12:00 ;Group D;Tres de Marzo;Guadalajara ;Mexico;Algeria;1;1;Northern Ireland;Northern Ireland; 
1986;03.cze.86; 12:00 ;Group B;Estadio Azteca;Mexico City ;Mexico;Belgium;1;2;Mexico;Mexico; 
1986;03.cze.86; 16:00 ;Group F;Tecnologico;Monterrey ;Mexico;Portugal;1;0;England;Portugal; 
1986;04.cze.86; 12:00 ;Group B;Bombonera - Estadio Nemesio Diez;Toluca ;Mexico;Paraguay;1;0;Iraq;Paraguay; 
1986;04.cze.86; 16:00 ;Group E;Neza;Nezahualcoyotl ;Mexico;Scotland;0;1;Denmark;Denmark; 
1986;04.cze.86; 12:00 ;Group E;Estadio Corregidora;Queretaro ;Mexico;Uruguay;1;1;Germany FR;Germany FR; 
1986;05.cze.86; 12:00 ;Group A;Cuauhtemoc;Puebla ;Mexico;Italy;1;1;Argentina;Argentina; 
1986;05.cze.86; 12:00 ;Group C;Nou Camp - Estadio Le???n;Leon ;Mexico;France;1;1;Soviet Union;Soviet Union; 
1986;05.cze.86; 16:00 ;Group A;Estadio Ol???mpico Universitario;Mexico City ;Mexico;Korea Republic;1;1;Bulgaria;Bulgaria; 
1986;06.cze.86; 12:00 ;Group C;Estadio Irapuato;Irapuato ;Mexico;Hungary;2;0;Canada;Hungary; 
1986;06.cze.86; 12:00 ;Group D;Jalisco;Guadalajara ;Mexico;Brazil;1;0;Algeria;Brazil; 
1986;06.cze.86; 16:00 ;Group F;Tecnologico;Monterrey ;Mexico;England;0;0;Morocco;Morocco; 
1986;07.cze.86; 12:00 ;Group D;Tres de Marzo;Guadalajara ;Mexico;Northern Ireland;1;2;Spain;Spain; 
1986;07.cze.86; 12:00 ;Group B;Estadio Azteca;Mexico City ;Mexico;Mexico;1;1;Paraguay;Paraguay; 
1986;07.cze.86; 16:00 ;Group F;Estadio Universitario;Monterrey ;Mexico;Poland;1;0;Portugal;Poland; 
1986;08.cze.86; 12:00 ;Group B;Bombonera - Estadio Nemesio Diez;Toluca ;Mexico;Iraq;1;2;Belgium;Belgium; 
1986;08.cze.86; 16:00 ;Group E;Neza;Nezahualcoyotl ;Mexico;Denmark;6;1;Uruguay;Denmark; 
1986;08.cze.86; 12:00 ;Group E;Estadio Corregidora;Queretaro ;Mexico;Germany FR;2;1;Scotland;Germany FR; 
1986;09.cze.86; 12:00 ;Group C;Nou Camp - Estadio Le???n;Leon ;Mexico;Hungary;0;3;France;France; 
1986;09.cze.86; 12:00 ;Group C;Estadio Irapuato;Irapuato ;Mexico;Soviet Union;2;0;Canada;Soviet Union; 
1986;10.cze.86; 12:00 ;Group A;Cuauhtemoc;Puebla ;Mexico;Korea Republic;2;3;Italy;Italy; 
1986;10.cze.86; 12:00 ;Group A;Estadio Ol???mpico Universitario;Mexico City ;Mexico;Argentina;2;0;Bulgaria;Argentina; 
1986;11.cze.86; 12:00 ;Group B;Bombonera - Estadio Nemesio Diez;Toluca ;Mexico;Paraguay;2;2;Belgium;Belgium; 
1986;11.cze.86; 12:00 ;Group B;Estadio Azteca;Mexico City ;Mexico;Iraq;0;1;Mexico;Mexico; 
1986;11.cze.86; 16:00 ;Group F;Tres de Marzo;Guadalajara ;Mexico;Portugal;1;3;Morocco;Morocco; 
1986;11.cze.86; 16:00 ;Group F;Tecnologico;Monterrey ;Mexico;England;3;0;Poland;England; 
1986;12.cze.86; 12:00 ;Group D;Jalisco;Guadalajara ;Mexico;Northern Ireland;0;3;Brazil;Brazil; 
1986;12.cze.86; 12:00 ;Group D;Tecnologico;Monterrey ;Mexico;Algeria;0;3;Spain;Spain; 
1986;13.cze.86; 12:00 ;Group E;Neza;Nezahualcoyotl ;Mexico;Scotland;0;0;Uruguay;Uruguay; 
1986;13.cze.86; 12:00 ;Group E;Estadio Corregidora;Queretaro ;Mexico;Denmark;2;0;Germany FR;Denmark; 
1986;15.cze.86; 16:00 ;Round of 16;Nou Camp - Estadio Le???n;Leon ;Mexico;Soviet Union;3;4;Belgium;Belgium;Belgium win after extra time 
1986;15.cze.86; 12:00 ;Round of 16;Estadio Azteca;Mexico City ;Mexico;Mexico;2;0;Bulgaria;Mexico; 
1986;16.cze.86; 16:00 ;Round of 16;Cuauhtemoc;Puebla ;Mexico;Argentina;1;0;Uruguay;Argentina; 
1986;16.cze.86; 12:00 ;Round of 16;Jalisco;Guadalajara ;Mexico;Brazil;4;0;Poland;Brazil; 
1986;17.cze.86; 12:00 ;Round of 16;Estadio Ol???mpico Universitario;Mexico City ;Mexico;Italy;0;2;France;France; 
1986;17.cze.86; 16:00 ;Round of 16;Estadio Universitario;Monterrey ;Mexico;Morocco;0;1;Germany FR;Germany FR; 
1986;18.cze.86; 12:00 ;Round of 16;Estadio Azteca;Mexico City ;Mexico;England;3;0;Paraguay;England; 
1986;18.cze.86; 16:00 ;Round of 16;Estadio Corregidora;Queretaro ;Mexico;Denmark;1;5;Spain;Spain; 
1986;21.cze.86; 12:00 ;Quarter-finals;Jalisco;Guadalajara ;Mexico;Brazil;1;1;France;France;France win on penalties (3 - 4) 
1986;21.cze.86; 16:00 ;Quarter-finals;Estadio Universitario;Monterrey ;Mexico;Germany FR;0;0;Mexico;Germany FR;Germany FR win on penalties (4 - 1) 
1986;22.cze.86; 16:00 ;Quarter-finals;Cuauhtemoc;Puebla ;Mexico;Spain;1;1;Belgium;Belgium;Belgium win on penalties (4 - 5) 
1986;22.cze.86; 12:00 ;Quarter-finals;Estadio Azteca;Mexico City ;Mexico;Argentina;2;1;England;Argentina; 
1986;25.cze.86; 12:00 ;Semi-finals;Jalisco;Guadalajara ;Mexico;France;0;2;Germany FR;Germany FR; 
1986;25.cze.86; 16:00 ;Semi-finals;Estadio Azteca;Mexico City ;Mexico;Argentina;2;0;Belgium;Argentina; 
1986;28.cze.86; 12:00 ;Match for third place;Cuauhtemoc;Puebla ;Mexico;France;4;2;Belgium;France;France win after extra time 
1986;29.cze.86; 12:00 ;Final;Estadio Azteca;Mexico City ;Mexico;Argentina;3;2;Germany FR;Argentina; 
1990;08.cze.90; 18:00 ;Group B;Giuseppe Meazza;Milan ;Italy;Argentina;0;1;Cameroon;Cameroon; 
1990;09.cze.90; 17:00 ;Group B;Stadio San Nicola;Bari ;Italy;Soviet Union;0;2;Romania;Romania; 
1990;09.cze.90; 17:00 ;Group D;Renato Dall Ara;Bologna ;Italy;United Arab Emirates;0;2;Colombia;Colombia; 
1990;09.cze.90; 21:00 ;Group A;Stadio Olimpico;Rome ;Italy;Italy;1;0;Austria;Italy; 
1990;10.cze.90; 17:00 ;Group A;Comunale;Florence ;Italy;USA;1;5;Czechoslovakia;Czechoslovakia; 
1990;10.cze.90; 21:00 ;Group C;Stadio delle Alpi;Turin ;Italy;Brazil;2;1;Sweden;Brazil; 
1990;10.cze.90; 21:00 ;Group D;Giuseppe Meazza;Milan ;Italy;Germany FR;4;1;Yugoslavia;Germany FR; 
1990;11.cze.90; 17:00 ;Group C;Luigi Ferraris;Genoa ;Italy;Costa Rica;1;0;Scotland;Costa Rica; 
1990;11.cze.90; 21:00 ;Group F;Sant Elia;Cagliari ;Italy;England;1;1;Republic of Ireland;Republic of Ireland; 
1990;12.cze.90; 17:00 ;Group E;Marc Antonio Bentegodi;Verona ;Italy;Belgium;2;0;Korea Republic;Belgium; 
1990;12.cze.90; 21:00 ;Group F;Della Favorita;Palermo ;Italy;Netherlands;1;1;Egypt;Egypt; 
1990;13.cze.90; 17:00 ;Group E;Dacia Arena;Udine ;Italy;Uruguay;0;0;Spain;Spain; 
1990;13.cze.90; 21:00 ;Group B;San Paolo;Naples ;Italy;Argentina;2;0;Soviet Union;Argentina; 
1990;14.cze.90; 17:00 ;Group B;Stadio San Nicola;Bari ;Italy;Cameroon;2;1;Romania;Cameroon; 
1990;14.cze.90; 17:00 ;Group D;Renato Dall Ara;Bologna ;Italy;Yugoslavia;1;0;Colombia;Yugoslavia; 
1990;14.cze.90; 21:00 ;Group A;Stadio Olimpico;Rome ;Italy;Italy;1;0;USA;Italy; 
1990;15.cze.90; 17:00 ;Group A;Comunale;Florence ;Italy;Austria;0;1;Czechoslovakia;Czechoslovakia; 
1990;15.cze.90; 21:00 ;Group D;Giuseppe Meazza;Milan ;Italy;Germany FR;5;1;United Arab Emirates;Germany FR; 
1990;16.cze.90; 17:00 ;Group C;Stadio delle Alpi;Turin ;Italy;Brazil;1;0;Costa Rica;Brazil; 
1990;16.cze.90; 21:00 ;Group C;Luigi Ferraris;Genoa ;Italy;Sweden;1;2;Scotland;Scotland; 
1990;16.cze.90; 21:00 ;Group F;Sant Elia;Cagliari ;Italy;England;0;0;Netherlands;Netherlands; 
1990;17.cze.90; 17:00 ;Group F;Della Favorita;Palermo ;Italy;Republic of Ireland;0;0;Egypt;Egypt; 
1990;17.cze.90; 21:00 ;Group E;Dacia Arena;Udine ;Italy;Korea Republic;1;3;Spain;Spain; 
1990;17.cze.90; 21:00 ;Group E;Marc Antonio Bentegodi;Verona ;Italy;Belgium;3;1;Uruguay;Belgium; 
1990;18.cze.90; 21:00 ;Group B;San Paolo;Naples ;Italy;Argentina;1;1;Romania;Romania; 
1990;18.cze.90; 21:00 ;Group B;Stadio San Nicola;Bari ;Italy;Cameroon;0;4;Soviet Union;Soviet Union; 
1990;19.cze.90; 17:00 ;Group D;Giuseppe Meazza;Milan ;Italy;Germany FR;1;1;Colombia;Colombia; 
1990;19.cze.90; 17:00 ;Group D;Renato Dall Ara;Bologna ;Italy;Yugoslavia;4;1;United Arab Emirates;Yugoslavia; 
1990;19.cze.90; 21:00 ;Group A;Stadio Olimpico;Rome ;Italy;Italy;2;0;Czechoslovakia;Italy; 
1990;19.cze.90; 21:00 ;Group A;Comunale;Florence ;Italy;Austria;2;1;USA;Austria; 
1990;20.cze.90; 21:00 ;Group C;Stadio delle Alpi;Turin ;Italy;Brazil;1;0;Scotland;Brazil; 
1990;20.cze.90; 21:00 ;Group C;Luigi Ferraris;Genoa ;Italy;Sweden;1;2;Costa Rica;Costa Rica; 
1990;21.cze.90; 17:00 ;Group E;Friuli;Udine ;Italy;Korea Republic;0;1;Uruguay;Uruguay; 
1990;21.cze.90; 17:00 ;Group E;Marc Antonio Bentegodi;Verona ;Italy;Belgium;1;2;Spain;Spain; 
1990;21.cze.90; 21:00 ;Group F;Della Favorita;Palermo ;Italy;Republic of Ireland;1;1;Netherlands;Netherlands; 
1990;21.cze.90; 21:00 ;Group F;Sant Elia;Cagliari ;Italy;England;1;0;Egypt;England; 
1990;23.cze.90; 17:00 ;Round of 16;San Paolo;Naples ;Italy;Cameroon;2;1;Colombia;Cameroon;Cameroon win after extra time 
1990;23.cze.90; 21:00 ;Round of 16;Stadio San Nicola;Bari ;Italy;Czechoslovakia;4;1;Costa Rica;Czechoslovakia; 
1990;24.cze.90; 17:00 ;Round of 16;Stadio delle Alpi;Turin ;Italy;Brazil;0;1;Argentina;Argentina; 
1990;24.cze.90; 21:00 ;Round of 16;Giuseppe Meazza;Milan ;Italy;Germany FR;2;1;Netherlands;Germany FR; 
1990;25.cze.90; 17:00 ;Round of 16;Luigi Ferraris;Genoa ;Italy;Republic of Ireland;0;0;Romania;Republic of Ireland;Republic of Ireland win on penalties (5 - 4) 
1990;25.cze.90; 21:00 ;Round of 16;Stadio Olimpico;Rome ;Italy;Italy;2;0;Uruguay;Italy; 
1990;26.cze.90; 17:00 ;Round of 16;Marc Antonio Bentegodi;Verona ;Italy;Spain;1;2;Yugoslavia;Yugoslavia;Yugoslavia win after extra time 
1990;26.cze.90; 21:00 ;Round of 16;Renato Dall Ara;Bologna ;Italy;England;1;0;Belgium;England;England win after extra time 
1990;30.cze.90; 17:00 ;Quarter-finals;Comunale;Florence ;Italy;Yugoslavia;0;0;Argentina;Argentina; win on penalties (2 - 3) 
1990;30.cze.90; 21:00 ;Quarter-finals;Stadio Olimpico;Rome ;Italy;Italy;1;0;Republic of Ireland;Italy; 
1990;01.lip.90; 17:00 ;Quarter-finals;Giuseppe Meazza;Milan ;Italy;Germany FR;1;0;Czechoslovakia;Germany FR; 
1990;01.lip.90; 21:00 ;Quarter-finals;San Paolo;Naples ;Italy;England;3;2;Cameroon;England;England win after extra time 
1990;03.lip.90; 20:00 ;Semi-finals;San Paolo;Naples ;Italy;Italy;1;1;Argentina;Argentina; win on penalties (3 - 4) 
1990;04.lip.90; 20:00 ;Semi-finals;Stadio delle Alpi;Turin ;Italy;Germany FR;1;1;England;Germany FR; win on penalties (4 - 3) 
1990;07.lip.90; 20:00 ;Match for third place;Stadio San Nicola;Bari ;Italy;Italy;2;1;England;Italy; 
1990;08.lip.90; 20:00 ;Final;Stadio Olimpico;Rome ;Italy;Germany FR;1;0;Argentina;Germany FR; 
1994;17.cze.94; 19:30 ;Group C;Cotton Bowl;Dallas ;USA;Spain;2;2;Korea Republic;Korea Republic; 
1994;17.cze.94; 15:00 ;Group C;Soldier Field;Chicago ;USA;Germany;1;0;Bolivia;Germany; 
1994;18.cze.94; 11:30 ;Group A;Pontiac Silverdome;Detroit ;USA;USA;1;1;Switzerland;Switzerland; 
1994;18.cze.94; 16:00 ;Group E;Giants Stadium;New York/New Jersey ;USA;Italy;0;1;Republic of Ireland;Republic of Ireland; 
1994;18.cze.94; 19:30 ;Group A;Rose Bowl;Los Angeles ;USA;Colombia;1;3;Romania;Romania; 
1994;19.cze.94; 12:30 ;Group F;Citrus Bowl;Orlando ;USA;Belgium;1;0;Morocco;Belgium; 
1994;19.cze.94; 16:00 ;Group E;RFK Stadium;Washington Dc ;USA;Norway;1;0;Mexico;Norway; 
1994;19.cze.94; 19:30 ;Group B;Rose Bowl;Los Angeles ;USA;Cameroon;2;2;Sweden;Sweden; 
1994;20.cze.94; 19:30 ;Group F;RFK Stadium;Washington Dc ;USA;Netherlands;2;1;Saudi Arabia;Netherlands; 
1994;20.cze.94; 16:00 ;Group B;Stanford Stadium;San Francisco ;USA;Brazil;2;0;Russia;Brazil; 
1994;21.cze.94; 12:30 ;Group D;Foxboro Stadium;Boston ;USA;Argentina;4;0;Greece;Argentina; 
1994;21.cze.94; 19:30 ;Group D;Cotton Bowl;Dallas ;USA;Nigeria;3;0;Bulgaria;Nigeria; 
1994;21.cze.94; 16:00 ;Group C;Soldier Field;Chicago ;USA;Germany;1;1;Spain;Spain; 
1994;22.cze.94; 16:00 ;Group A;Pontiac Silverdome;Detroit ;USA;Romania;1;4;Switzerland;Switzerland; 
1994;22.cze.94; 19:30 ;Group A;Rose Bowl;Los Angeles ;USA;USA;2;1;Colombia;USA; 
1994;23.cze.94; 16:00 ;Group E;Giants Stadium;New York/New Jersey ;USA;Italy;1;0;Norway;Italy; 
1994;23.cze.94; 19:30 ;Group C;Foxboro Stadium;Boston ;USA;Korea Republic;0;0;Bolivia;Bolivia; 
1994;24.cze.94; 12:30 ;Group E;Citrus Bowl;Orlando ;USA;Mexico;2;1;Republic of Ireland;Mexico; 
1994;24.cze.94; 19:30 ;Group B;Pontiac Silverdome;Detroit ;USA;Sweden;3;1;Russia;Sweden; 
1994;24.cze.94; 16:00 ;Group B;Stanford Stadium;San Francisco ;USA;Brazil;3;0;Cameroon;Brazil; 
1994;25.cze.94; 12:30 ;Group F;Citrus Bowl;Orlando ;USA;Belgium;1;0;Netherlands;Belgium; 
1994;25.cze.94; 12:30 ;Group F;Giants Stadium;New York/New Jersey ;USA;Saudi Arabia;2;1;Morocco;Saudi Arabia; 
1994;25.cze.94; 16:00 ;Group D;Foxboro Stadium;Boston ;USA;Argentina;2;1;Nigeria;Argentina; 
1994;26.cze.94; 12:30 ;Group D;Soldier Field;Chicago ;USA;Bulgaria;4;0;Greece;Bulgaria; 
1994;26.cze.94; 16:00 ;Group A;Rose Bowl;Los Angeles ;USA;USA;0;1;Romania;Romania; 
1994;26.cze.94; 16:00 ;Group A;Stanford Stadium;San Francisco ;USA;Switzerland;0;2;Colombia;Colombia; 
1994;27.cze.94; 16:00 ;Group C;Cotton Bowl;Dallas ;USA;Germany;3;2;Korea Republic;Germany; 
1994;27.cze.94; 16:00 ;Group C;Soldier Field;Chicago ;USA;Bolivia;1;3;Spain;Spain; 
1994;28.cze.94; 12:30 ;Group E;Giants Stadium;New York/New Jersey ;USA;Republic of Ireland;0;0;Norway;Norway; 
1994;28.cze.94; 16:00 ;Group B;Pontiac Silverdome;Detroit ;USA;Brazil;1;1;Sweden;Sweden; 
1994;28.cze.94; 12:30 ;Group E;RFK Stadium;Washington Dc ;USA;Italy;1;1;Mexico;Mexico; 
1994;28.cze.94; 16:00 ;Group B;Stanford Stadium;San Francisco ;USA;Russia;6;1;Cameroon;Russia; 
1994;29.cze.94; 12:30 ;Group F;Citrus Bowl;Orlando ;USA;Morocco;1;2;Netherlands;Netherlands; 
1994;29.cze.94; 12:30 ;Group F;RFK Stadium;Washington Dc ;USA;Belgium;0;1;Saudi Arabia;Saudi Arabia; 
1994;30.cze.94; 19:30 ;Group D;Foxboro Stadium;Boston ;USA;Greece;0;2;Nigeria;Nigeria; 
1994;30.cze.94; 19:30 ;Group D;Cotton Bowl;Dallas ;USA;Argentina;0;2;Bulgaria;Bulgaria; 
1994;02.lip.94; 12:00 ;Round of 16;Soldier Field;Chicago ;USA;Germany;3;2;Belgium;Germany; 
1994;02.lip.94; 16:30 ;Round of 16;RFK Stadium;Washington Dc ;USA;Spain;3;0;Switzerland;Spain; 
1994;03.lip.94; 12:00 ;Round of 16;Cotton Bowl;Dallas ;USA;Saudi Arabia;1;3;Sweden;Sweden; 
1994;03.lip.94; 13:30 ;Round of 16;Rose Bowl;Los Angeles ;USA;Romania;3;2;Argentina;Romania; 
1994;04.lip.94; 12:00 ;Round of 16;Citrus Bowl;Orlando ;USA;Netherlands;2;0;Republic of Ireland;Netherlands; 
1994;04.lip.94; 12:30 ;Round of 16;Stanford Stadium;San Francisco ;USA;Brazil;1;0;USA;Brazil; 
1994;05.lip.94; 13:00 ;Round of 16;Foxboro Stadium;Boston ;USA;Nigeria;1;2;Italy;Italy;Italy win after extra time 
1994;05.lip.94; 16:30 ;Round of 16;Giants Stadium;New York/New Jersey ;USA;Mexico;1;1;Bulgaria;Bulgaria;Bulgaria win on penalties (1 - 3) 
1994;09.lip.94; 12:00 ;Quarter-finals;Foxboro Stadium;Boston ;USA;Italy;2;1;Spain;Italy; 
1994;09.lip.94; 14:30 ;Quarter-finals;Cotton Bowl;Dallas ;USA;Netherlands;2;3;Brazil;Brazil; 
1994;10.lip.94; 12:00 ;Quarter-finals;Giants Stadium;New York/New Jersey ;USA;Bulgaria;2;1;Germany;Bulgaria; 
1994;10.lip.94; 12:30 ;Quarter-finals;Stanford Stadium;San Francisco ;USA;Romania;2;2;Sweden;Sweden;Sweden win on penalties (4 - 5) 
1994;13.lip.94; 16:00 ;Semi-finals;Giants Stadium;New York/New Jersey ;USA;Bulgaria;1;2;Italy;Italy; 
1994;13.lip.94; 16:30 ;Semi-finals;Rose Bowl;Los Angeles ;USA;Sweden;0;1;Brazil;Brazil; 
1994;16.lip.94; 12:30 ;Match for third place;Rose Bowl;Los Angeles ;USA;Sweden;4;0;Bulgaria;Sweden; 
1994;17.lip.94; 12:30 ;Final;Rose Bowl;Los Angeles ;USA;Brazil;0;0;Italy;Brazil;Brazil win on penalties (3 - 2) 
1998;10.cze.98; 17:30 ;Group A;Stade de France;Saint-Denis ;France;Brazil;2;1;Scotland;Brazil; 
1998;10.cze.98; 21:00 ;Group A;La Mosson;Montpellier ;France;Morocco;2;2;Norway;Norway; 
1998;11.cze.98; 17:30 ;Group B;Stade du Parc Lescure;Bordeaux ;France;Italy;2;2;Chile;Chile; 
1998;11.cze.98; 21:00 ;Group B;Stade Municipal;Toulouse ;France;Cameroon;1;1;Austria;Austria; 
1998;12.cze.98; 14:30 ;Group D;La Mosson;Montpellier ;France;Paraguay;0;0;Bulgaria;Bulgaria; 
1998;12.cze.98; 17:30 ;Group C;Stade Felix Bollaert;Lens ;France;Saudi Arabia;0;1;Denmark;Denmark; 
1998;12.cze.98; 21:00 ;Group C;Stade V???lodrome;Marseilles ;France;France;3;0;South Africa;France; 
1998;13.cze.98; 14:30 ;Group D;La Beaujoire;Nantes ;France;Spain;2;3;Nigeria;Nigeria; 
1998;13.cze.98; 17:30 ;Group E;Stade de Gerland;Lyon ;France;Korea Republic;1;3;Mexico;Mexico; 
1998;13.cze.98; 21:00 ;Group E;Stade de France;Saint-Denis ;France;Netherlands;0;0;Belgium;Belgium; 
1998;14.cze.98; 14:30 ;Group H;Stade Municipal;Toulouse ;France;Argentina;1;0;Japan;Argentina; 
1998;14.cze.98; 17:30 ;Group F;Stade Geoffroy Guichard;Saint-Etienne ;France;Yugoslavia;1;0;Iran;Yugoslavia; 
1998;14.cze.98; 21:00 ;Group H;Stade Felix Bollaert;Lens ;France;Jamaica;1;3;Croatia;Croatia; 
1998;15.cze.98; 14:30 ;Group G;Stade V???lodrome;Marseilles ;France;England;2;0;Tunisia;England; 
1998;15.cze.98; 17:30 ;Group G;Stade de Gerland;Lyon ;France;Romania;1;0;Colombia;Romania; 
1998;15.cze.98; 21:00 ;Group F;Parc des Princes;Paris ;France;Germany;2;0;USA;Germany; 
1998;16.cze.98; 17:30 ;Group A;Stade du Parc Lescure;Bordeaux ;France;Scotland;1;1;Norway;Norway; 
1998;16.cze.98; 21:00 ;Group A;La Beaujoire;Nantes ;France;Brazil;3;0;Morocco;Brazil; 
1998;17.cze.98; 17:30 ;Group B;Stade Geoffroy Guichard;Saint-Etienne ;France;Chile;1;1;Austria;Austria; 
1998;17.cze.98; 21:00 ;Group B;La Mosson;Montpellier ;France;Italy;3;0;Cameroon;Italy; 
1998;18.cze.98; 17:30 ;Group C;Stade Municipal;Toulouse ;France;South Africa;1;1;Denmark;Denmark; 
1998;18.cze.98; 21:00 ;Group C;Stade de France;Saint-Denis ;France;France;4;0;Saudi Arabia;France; 
1998;19.cze.98; 17:30 ;Group D;Parc des Princes;Paris ;France;Nigeria;1;0;Bulgaria;Nigeria; 
1998;19.cze.98; 21:00 ;Group D;Stade Geoffroy Guichard;Saint-Etienne ;France;Spain;0;0;Paraguay;Paraguay; 
1998;20.cze.98; 14:30 ;Group H;La Beaujoire;Nantes ;France;Japan;0;1;Croatia;Croatia; 
1998;20.cze.98; 17:30 ;Group E;Stade du Parc Lescure;Bordeaux ;France;Belgium;2;2;Mexico;Mexico; 
1998;20.cze.98; 21:00 ;Group E;Stade V???lodrome;Marseilles ;France;Netherlands;5;0;Korea Republic;Netherlands; 
1998;21.cze.98; 14:30 ;Group F;Stade Felix Bollaert;Lens ;France;Germany;2;2;Yugoslavia;Yugoslavia; 
1998;21.cze.98; 17:30 ;Group H;Parc des Princes;Paris ;France;Argentina;5;0;Jamaica;Argentina; 
1998;21.cze.98; 21:00 ;Group F;Stade de Gerland;Lyon ;France;USA;1;2;Iran;Iran; 
1998;22.cze.98; 17:30 ;Group G;La Mosson;Montpellier ;France;Colombia;1;0;Tunisia;Colombia; 
1998;22.cze.98; 21:00 ;Group G;Stade Municipal;Toulouse ;France;Romania;2;1;England;Romania; 
1998;23.cze.98; 16:00 ;Group B;Stade de France;Saint-Denis ;France;Italy;2;1;Austria;Italy; 
1998;23.cze.98; 16:00 ;Group B;La Beaujoire;Nantes ;France;Chile;1;1;Cameroon;Cameroon; 
1998;23.cze.98; 21:00 ;Group A;Stade Geoffroy Guichard;Saint-Etienne ;France;Scotland;0;3;Morocco;Morocco; 
1998;23.cze.98; 21:00 ;Group A;Stade V???lodrome;Marseilles ;France;Brazil;1;2;Norway;Norway; 
1998;24.cze.98; 16:00 ;Group C;Stade de Gerland;Lyon ;France;France;2;1;Denmark;France; 
1998;24.cze.98; 16:00 ;Group C;Stade du Parc Lescure;Bordeaux ;France;South Africa;2;2;Saudi Arabia;Saudi Arabia; 
1998;24.cze.98; 21:00 ;Group D;Stade Felix Bollaert;Lens ;France;Spain;6;1;Bulgaria;Spain; 
1998;24.cze.98; 21:00 ;Group D;Stade Municipal;Toulouse ;France;Nigeria;1;3;Paraguay;Paraguay; 
1998;25.cze.98; 16:00 ;Group E;Parc des Princes;Paris ;France;Belgium;1;1;Korea Republic;Korea Republic; 
1998;25.cze.98; 16:00 ;Group E;Stade Geoffroy Guichard;Saint-Etienne ;France;Netherlands;2;2;Mexico;Mexico; 
1998;25.cze.98; 21:00 ;Group F;La Mosson;Montpellier ;France;Germany;2;0;Iran;Germany; 
1998;25.cze.98; 21:00 ;Group F;La Beaujoire;Nantes ;France;USA;0;1;Yugoslavia;Yugoslavia; 
1998;26.cze.98; 16:00 ;Group H;Stade de Gerland;Lyon ;France;Japan;1;2;Jamaica;Jamaica; 
1998;26.cze.98; 16:00 ;Group H;Stade du Parc Lescure;Bordeaux ;France;Argentina;1;0;Croatia;Argentina; 
1998;26.cze.98; 21:00 ;Group G;Stade de France;Saint-Denis ;France;Romania;1;1;Tunisia;Tunisia; 
1998;26.cze.98; 21:00 ;Group G;Stade Felix Bollaert;Lens ;France;Colombia;0;2;England;England; 
1998;27.cze.98; 16:30 ;Round of 16;Stade V???lodrome;Marseilles ;France;Italy;1;0;Norway;Italy; 
1998;27.cze.98; 21:00 ;Round of 16;Parc des Princes;Paris ;France;Brazil;4;1;Chile;Brazil; 
1998;28.cze.98; 16:30 ;Round of 16;Stade Felix Bollaert;Lens ;France;France;1;0;Paraguay;France;France win after extra time 
1998;28.cze.98; 21:00 ;Round of 16;Stade de France;Saint-Denis ;France;Nigeria;1;4;Denmark;Denmark; 
1998;29.cze.98; 16:30 ;Round of 16;La Mosson;Montpellier ;France;Germany;2;1;Mexico;Germany; 
1998;29.cze.98; 21:00 ;Round of 16;Stade Municipal;Toulouse ;France;Netherlands;2;1;Yugoslavia;Netherlands; 
1998;30.cze.98; 16:30 ;Round of 16;Stade du Parc Lescure;Bordeaux ;France;Romania;0;1;Croatia;Croatia; 
1998;30.cze.98; 21:00 ;Round of 16;Stade Geoffroy Guichard;Saint-Etienne ;France;Argentina;2;2;England;Argentina;Argentina win on penalties (4 - 3) 
1998;03.lip.98; 16:30 ;Quarter-finals;Stade de France;Saint-Denis ;France;Italy;0;0;France;France;France win on penalties (3 - 4) 
1998;03.lip.98; 21:00 ;Quarter-finals;La Beaujoire;Nantes ;France;Brazil;3;2;Denmark;Brazil; 
1998;04.lip.98; 16:30 ;Quarter-finals;Stade V???lodrome;Marseilles ;France;Netherlands;2;1;Argentina;Netherlands; 
1998;04.lip.98; 21:00 ;Quarter-finals;Stade de Gerland;Lyon ;France;Germany;0;3;Croatia;Croatia; 
1998;07.lip.98; 21:00 ;Semi-finals;Stade V???lodrome;Marseilles ;France;Brazil;1;1;Netherlands;Brazil;Brazil win on penalties (4 - 2) 
1998;08.lip.98; 21:00 ;Semi-finals;Stade de France;Saint-Denis ;France;France;2;1;Croatia;France; 
1998;11.lip.98; 21:00 ;Match for third place;Parc des Princes;Paris ;France;Netherlands;1;2;Croatia;Croatia; 
1998;12.lip.98; 21:00 ;Final;Stade de France;Saint-Denis ;France;Brazil;0;3;France;France; 
2002;31.maj.02; 20:30 ;Group A;Seoul World Cup Stadium;Seoul ;Korea/Japan;France;0;1;Senegal;Senegal; 
2002;01.cze.02; 18:00 ;Group A;Munsu Football Stadium;Ulsan ;Korea/Japan;Uruguay;1;2;Denmark;Denmark; 
2002;01.cze.02; 15:30 ;Group E;Niigata Stadium Big Swan;Niigata ;Korea/Japan;Republic of Ireland;1;1;Cameroon;Cameroon; 
2002;01.cze.02; 20:30 ;Group E;Sapporo Dome;Sapporo ;Korea/Japan;Germany;8;0;Saudi Arabia;Germany; 
2002;02.cze.02; 14:30 ;Group F;Kashima Stadium;Ibaraki ;Korea/Japan;Argentina;1;0;Nigeria;Argentina; 
2002;02.cze.02; 16:30 ;Group B;Busan Asiad Main Stadium;Busan ;Korea/Japan;Paraguay;2;2;South Africa;South Africa; 
2002;02.cze.02; 18:30 ;Group F;Saitama Stadium 2002;Saitama ;Korea/Japan;England;1;1;Sweden;Sweden; 
2002;02.cze.02; 20:30 ;Group B;Gwangju World Cup Stadium;Gwangju ;Korea/Japan;Spain;3;1;Slovenia;Spain; 
2002;03.cze.02; 18:00 ;Group C;Munsu Football Stadium;Ulsan ;Korea/Japan;Brazil;2;1;Turkey;Brazil; 
2002;03.cze.02; 20:30 ;Group G;Sapporo Dome;Sapporo ;Korea/Japan;Italy;2;0;Ecuador;Italy; 
2002;03.cze.02; 15:30 ;Group G;Niigata Stadium Big Swan;Niigata ;Korea/Japan;Croatia;0;1;Mexico;Mexico; 
2002;04.cze.02; 15:30 ;Group C;Gwangju World Cup Stadium;Gwangju ;Korea/Japan;China PR;0;2;Costa Rica;Costa Rica; 
2002;04.cze.02; 18:00 ;Group H;Saitama Stadium 2002;Saitama ;Korea/Japan;Japan;2;2;Belgium;Belgium; 
2002;04.cze.02; 20:30 ;Group D;Busan Asiad Main Stadium;Busan ;Korea/Japan;Korea Republic;2;0;Poland;Korea Republic; 
2002;05.cze.02; 15:30 ;Group H;Kobe Wing Stadium;Kobe ;Korea/Japan;Russia;2;0;Tunisia;Russia; 
2002;05.cze.02; 18:00 ;Group D;Suwon World Cup Stadium;Suwon ;Korea/Japan;USA;3;2;Portugal;USA; 
2002;05.cze.02; 20:30 ;Group E;Kashima Stadium;Ibaraki ;Korea/Japan;Germany;1;1;Republic of Ireland;Republic of Ireland; 
2002;06.cze.02; 15:30 ;Group A;Daegu World Cup Stadium;Daegu ;Korea/Japan;Denmark;1;1;Senegal;Senegal; 
2002;06.cze.02; 18:00 ;Group E;Saitama Stadium 2002;Saitama ;Korea/Japan;Cameroon;1;0;Saudi Arabia;Cameroon; 
2002;06.cze.02; 20:30 ;Group A;Busan Asiad Main Stadium;Busan ;Korea/Japan;France;0;0;Uruguay;Uruguay; 
2002;07.cze.02; 15:30 ;Group F;Kobe Wing Stadium;Kobe ;Korea/Japan;Sweden;2;1;Nigeria;Sweden; 
2002;07.cze.02; 20:30 ;Group F;Sapporo Dome;Sapporo ;Korea/Japan;Argentina;0;1;England;England; 
2002;07.cze.02; 18:00 ;Group B;Jeonju World Cup Stadium;Jeonju ;Korea/Japan;Spain;3;1;Paraguay;Spain; 
2002;08.cze.02; 15:30 ;Group B;Daegu World Cup Stadium;Daegu ;Korea/Japan;South Africa;1;0;Slovenia;South Africa; 
2002;08.cze.02; 20:30 ;Group C;Jeju World Cup Stadium;Jeju ;Korea/Japan;Brazil;4;0;China PR;Brazil; 
2002;08.cze.02; 18:00 ;Group G;Kashima Stadium;Ibaraki ;Korea/Japan;Italy;1;2;Croatia;Croatia; 
2002;09.cze.02; 18:00 ;Group C;Incheon Football Stadium;Incheon ;Korea/Japan;Costa Rica;1;1;Turkey;Turkey; 
2002;09.cze.02; 20:30 ;Group H;International Stadium Yokohama;Yokohama ;Korea/Japan;Japan;1;0;Russia;Japan; 
2002;09.cze.02; 15:30 ;Group G;Miyagi Stadium;Rifu ;Korea/Japan;Mexico;2;1;Ecuador;Mexico; 
2002;10.cze.02; 15:30 ;Group D;Daegu World Cup Stadium;Daegu ;Korea/Japan;Korea Republic;1;1;USA;USA; 
2002;10.cze.02; 20:30 ;Group D;Jeonju World Cup Stadium;Jeonju ;Korea/Japan;Portugal;4;0;Poland;Portugal; 
2002;10.cze.02; 18:00 ;Group H;Oita Stadium Big Eye;Oita ;Korea/Japan;Tunisia;1;1;Belgium;Belgium; 
2002;11.cze.02; 15:30 ;Group A;Incheon Football Stadium;Incheon ;Korea/Japan;Denmark;2;0;France;Denmark; 
2002;11.cze.02; 15:30 ;Group A;Suwon World Cup Stadium;Suwon ;Korea/Japan;Senegal;3;3;Uruguay;Uruguay; 
2002;11.cze.02; 20:30 ;Group E;International Stadium Yokohama;Yokohama ;Korea/Japan;Saudi Arabia;0;3;Republic of Ireland;Republic of Ireland; 
2002;11.cze.02; 20:30 ;Group E;Shizuoka Stadium Ecopa;Shizuoka ;Korea/Japan;Cameroon;0;2;Germany;Germany; 
2002;12.cze.02; 15:30 ;Group F;Miyagi Stadium;Rifu ;Korea/Japan;Sweden;1;1;Argentina;Argentina; 
2002;12.cze.02; 15:30 ;Group F;Osaka Nagai Stadium;Osaka ;Korea/Japan;Nigeria;0;0;England;England; 
2002;12.cze.02; 20:30 ;Group B;Jeju World Cup Stadium;Jeju ;Korea/Japan;Slovenia;1;3;Paraguay;Paraguay; 
2002;12.cze.02; 20:30 ;Group B;Daejeon World Cup Stadium;Daejeon ;Korea/Japan;South Africa;2;3;Spain;Spain; 
2002;13.cze.02; 15:30 ;Group C;Suwon World Cup Stadium;Suwon ;Korea/Japan;Costa Rica;2;5;Brazil;Brazil; 
2002;13.cze.02; 15:30 ;Group C;Seoul World Cup Stadium;Seoul ;Korea/Japan;Turkey;3;0;China PR;Turkey; 
2002;13.cze.02; 20:30 ;Group G;International Stadium Yokohama;Yokohama ;Korea/Japan;Ecuador;1;0;Croatia;Ecuador; 
2002;13.cze.02; 20:30 ;Group G;Oita Stadium Big Eye;Oita ;Korea/Japan;Mexico;1;1;Italy;Italy; 
2002;14.cze.02; 15:30 ;Group H;Osaka Nagai Stadium;Osaka ;Korea/Japan;Tunisia;0;2;Japan;Japan; 
2002;14.cze.02; 20:30 ;Group D;Incheon Football Stadium;Incheon ;Korea/Japan;Portugal;0;1;Korea Republic;Korea Republic; 
2002;14.cze.02; 20:30 ;Group D;Daejeon World Cup Stadium;Daejeon ;Korea/Japan;Poland;3;1;USA;Poland; 
2002;14.cze.02; 15:30 ;Group H;Shizuoka Stadium Ecopa;Shizuoka ;Korea/Japan;Belgium;3;2;Russia;Belgium; 
2002;15.cze.02; 20:30 ;Round of 16;Niigata Stadium Big Swan;Niigata ;Korea/Japan;Denmark;0;3;England;England; 
2002;15.cze.02; 15:30 ;Round of 16;Jeju World Cup Stadium;Jeju ;Korea/Japan;Germany;1;0;Paraguay;Germany; 
2002;16.cze.02; 20:30 ;Round of 16;Suwon World Cup Stadium;Suwon ;Korea/Japan;Spain;1;1;Republic of Ireland;Spain;Spain win on penalties (3 - 2) 
2002;16.cze.02; 15:30 ;Round of 16;Oita Stadium Big Eye;Oita ;Korea/Japan;Sweden;1;2;Senegal;Senegal;Win on Golden Goal 
2002;17.cze.02; 20:30 ;Round of 16;Kobe Wing Stadium;Kobe ;Korea/Japan;Brazil;2;0;Belgium;Brazil; 
2002;17.cze.02; 15:30 ;Round of 16;Jeonju World Cup Stadium;Jeonju ;Korea/Japan;Mexico;0;2;USA;USA; 
2002;18.cze.02; 15:30 ;Round of 16;Miyagi Stadium;Rifu ;Korea/Japan;Japan;0;1;Turkey;Turkey; 
2002;18.cze.02; 20:30 ;Round of 16;Daejeon World Cup Stadium;Daejeon ;Korea/Japan;Korea Republic;2;1;Italy;Korea Republic;Win on Golden Goal 
2002;21.cze.02; 15:30 ;Quarter-finals;Shizuoka Stadium Ecopa;Shizuoka ;Korea/Japan;England;1;2;Brazil;Brazil; 
2002;21.cze.02; 20:30 ;Quarter-finals;Munsu Football Stadium;Ulsan ;Korea/Japan;Germany;1;0;USA;Germany; 
2002;22.cze.02; 20:30 ;Quarter-finals;Osaka Nagai Stadium;Osaka ;Korea/Japan;Senegal;0;1;Turkey;Turkey;Win on Golden Goal 
2002;22.cze.02; 15:30 ;Quarter-finals;Gwangju World Cup Stadium;Gwangju ;Korea/Japan;Spain;0;0;Korea Republic;Korea Republic;Korea Republic win on penalties (3 - 5) 
2002;25.cze.02; 20:30 ;Semi-finals;Seoul World Cup Stadium;Seoul ;Korea/Japan;Germany;1;0;Korea Republic;Germany; 
2002;26.cze.02; 20:30 ;Semi-finals;Saitama Stadium 2002;Saitama ;Korea/Japan;Brazil;1;0;Turkey;Brazil; 
2002;29.cze.02; 20:00 ;Third place;Daegu World Cup Stadium;Daegu ;Korea/Japan;Korea Republic;2;3;Turkey;Turkey; 
2002;30.cze.02; 20:00 ;Final;International Stadium Yokohama;Yokohama ;Korea/Japan;Germany;0;2;Brazil;Brazil; 
2006;09.cze.06; 18:00 ;Group A;FIFA World Cup Stadium, Munich;Munich ;Germany;Germany;4;2;Costa Rica;Germany; 
2006;09.cze.06; 21:00 ;Group A;FIFA World Cup Stadium, Gelsenkirchen;Gelsenkirchen ;Germany;Poland;0;2;Ecuador;Ecuador; 
2006;10.cze.06; 15:00 ;Group B;FIFA World Cup Stadium, Frankfurt;Frankfurt/Main ;Germany;England;1;0;Paraguay;England; 
2006;10.cze.06; 18:00 ;Group B;FIFA World Cup Stadium, Dortmund;Dortmund ;Germany;Trinidad and Tobago;0;0;Sweden;Sweden; 
2006;10.cze.06; 21:00 ;Group C;FIFA World Cup Stadium, Hamburg;Hamburg ;Germany;Argentina;2;1;C???te d'Ivoire;Argentina; 
2006;11.cze.06; 15:00 ;Group C;Zentralstadion;Leipzig ;Germany;Serbia and Montenegro;0;1;Netherlands;Netherlands; 
2006;11.cze.06; 18:00 ;Group D;Franken-Stadion;Nuremberg ;Germany;Mexico;3;1;Iran;Mexico; 
2006;11.cze.06; 21:00 ;Group D;FIFA World Cup Stadium, Cologne;Cologne ;Germany;Angola;0;1;Portugal;Portugal; 
2006;12.cze.06; 15:00 ;Group F;Fritz-Walter-Stadion;Kaiserslautern ;Germany;Australia;3;1;Japan;Australia; 
2006;12.cze.06; 18:00 ;Group E;FIFA World Cup Stadium, Gelsenkirchen;Gelsenkirchen ;Germany;USA;0;3;Czech Republic;Czech Republic; 
2006;12.cze.06; 21:00 ;Group E;FIFA World Cup Stadium, Hanover;Hanover ;Germany;Italy;2;0;Ghana;Italy; 
2006;13.cze.06; 15:00 ;Group G;FIFA World Cup Stadium, Frankfurt;Frankfurt/Main ;Germany;Korea Republic;2;1;Togo;Korea Republic; 
2006;13.cze.06; 18:00 ;Group G;Gottlieb-Daimler-Stadion;Stuttgart ;Germany;France;0;0;Switzerland;Switzerland; 
2006;13.cze.06; 21:00 ;Group F;Olympiastadion;Berlin ;Germany;Brazil;1;0;Croatia;Brazil; 
2006;14.cze.06; 15:00 ;Group H;Zentralstadion;Leipzig ;Germany;Spain;4;0;Ukraine;Spain; 
2006;14.cze.06; 18:00 ;Group H;FIFA World Cup Stadium, Munich;Munich ;Germany;Tunisia;2;2;Saudi Arabia;Saudi Arabia; 
2006;14.cze.06; 21:00 ;Group A;FIFA World Cup Stadium, Dortmund;Dortmund ;Germany;Germany;1;0;Poland;Germany; 
2006;15.cze.06; 15:00 ;Group A;FIFA World Cup Stadium, Hamburg;Hamburg ;Germany;Ecuador;3;0;Costa Rica;Ecuador; 
2006;15.cze.06; 18:00 ;Group B;Franken-Stadion;Nuremberg ;Germany;England;2;0;Trinidad and Tobago;England; 
2006;15.cze.06; 21:00 ;Group B;Olympiastadion;Berlin ;Germany;Sweden;1;0;Paraguay;Sweden; 
2006;16.cze.06; 15:00 ;Group C;FIFA World Cup Stadium, Gelsenkirchen;Gelsenkirchen ;Germany;Argentina;6;0;Serbia and Montenegro;Argentina; 
2006;16.cze.06; 18:00 ;Group C;Gottlieb-Daimler-Stadion;Stuttgart ;Germany;Netherlands;2;1;C???te d'Ivoire;Netherlands; 
2006;16.cze.06; 21:00 ;Group D;FIFA World Cup Stadium, Hanover;Hanover ;Germany;Mexico;0;0;Angola;Angola; 
2006;17.cze.06; 15:00 ;Group D;FIFA World Cup Stadium, Frankfurt;Frankfurt/Main ;Germany;Portugal;2;0;IR Iran;Portugal; 
2006;17.cze.06; 18:00 ;Group E;FIFA World Cup Stadium, Cologne;Cologne ;Germany;Czech Republic;0;2;Ghana;Ghana; 
2006;17.cze.06; 21:00 ;Group E;Fritz-Walter-Stadion;Kaiserslautern ;Germany;Italy;1;1;USA;USA; 
2006;18.cze.06; 15:00 ;Group F;Franken-Stadion;Nuremberg ;Germany;Japan;0;0;Croatia;Croatia; 
2006;18.cze.06; 18:00 ;Group F;FIFA World Cup Stadium, Munich;Munich ;Germany;Brazil;2;0;Australia;Brazil; 
2006;18.cze.06; 21:00 ;Group G;Zentralstadion;Leipzig ;Germany;France;1;1;Korea Republic;Korea Republic; 
2006;19.cze.06; 15:00 ;Group G;FIFA World Cup Stadium, Dortmund;Dortmund ;Germany;Togo;0;2;Switzerland;Switzerland; 
2006;19.cze.06; 18:00 ;Group H;FIFA World Cup Stadium, Hamburg;Hamburg ;Germany;Saudi Arabia;0;4;Ukraine;Ukraine; 
2006;19.cze.06; 21:00 ;Group H;Gottlieb-Daimler-Stadion;Stuttgart ;Germany;Spain;3;1;Tunisia;Spain; 
2006;20.cze.06; 16:00 ;Group A;Olympiastadion;Berlin ;Germany;Ecuador;0;3;Germany;Germany; 
2006;20.cze.06; 16:00 ;Group A;FIFA World Cup Stadium, Hanover;Hanover ;Germany;Costa Rica;1;2;Poland;Poland; 
2006;20.cze.06; 21:00 ;Group B;FIFA World Cup Stadium, Cologne;Cologne ;Germany;Sweden;2;2;England;England; 
2006;20.cze.06; 21:00 ;Group B;Fritz-Walter-Stadion;Kaiserslautern ;Germany;Paraguay;2;0;Trinidad and Tobago;Paraguay; 
2006;21.cze.06; 16:00 ;Group D;Zentralstadion;Leipzig ;Germany;Iran;1;1;Angola;Angola; 
2006;21.cze.06; 16:00 ;Group D;FIFA World Cup Stadium, Gelsenkirchen;Gelsenkirchen ;Germany;Portugal;2;1;Mexico;Portugal; 
2006;21.cze.06; 21:00 ;Group C;FIFA World Cup Stadium, Frankfurt;Frankfurt/Main ;Germany;Netherlands;0;0;Argentina;Argentina; 
2006;21.cze.06; 21:00 ;Group C;FIFA World Cup Stadium, Munich;Munich ;Germany;C???te d'Ivoire;3;2;Serbia and Montenegro;C???te d'Ivoire; 
2006;22.cze.06; 16:00 ;Group E;FIFA World Cup Stadium, Hamburg;Hamburg ;Germany;Czech Republic;0;2;Italy;Italy; 
2006;22.cze.06; 16:00 ;Group E;Franken-Stadion;Nuremberg ;Germany;Ghana;2;1;USA;Ghana; 
2006;22.cze.06; 21:00 ;Group F;FIFA World Cup Stadium, Dortmund;Dortmund ;Germany;Japan;1;4;Brazil;Brazil; 
2006;22.cze.06; 21:00 ;Group F;Gottlieb-Daimler-Stadion;Stuttgart ;Germany;Croatia;2;2;Australia;Australia; 
2006;23.cze.06; 16:00 ;Group H;Olympiastadion;Berlin ;Germany;Ukraine;1;0;Tunisia;Ukraine; 
2006;23.cze.06; 16:00 ;Group H;Fritz-Walter-Stadion;Kaiserslautern ;Germany;Saudi Arabia;0;1;Spain;Spain; 
2006;23.cze.06; 21:00 ;Group G;FIFA World Cup Stadium, Cologne;Cologne ;Germany;Togo;0;2;France;France; 
2006;23.cze.06; 21:00 ;Group G;FIFA World Cup Stadium, Hanover;Hanover ;Germany;Switzerland;2;0;Korea Republic;Switzerland; 
2006;24.cze.06; 17:00 ;Round of 16;FIFA World Cup Stadium, Munich;Munich ;Germany;Germany;2;0;Sweden;Germany; 
2006;24.cze.06; 21:00 ;Round of 16;Zentralstadion;Leipzig ;Germany;Argentina;2;1;Mexico;Argentina;Argentina win after extra time 
2006;25.cze.06; 17:00 ;Round of 16;Gottlieb-Daimler-Stadion;Stuttgart ;Germany;England;1;0;Ecuador;England; 
2006;25.cze.06; 21:00 ;Round of 16;Franken-Stadion;Nuremberg ;Germany;Portugal;1;0;Netherlands;Portugal; 
2006;26.cze.06; 17:00 ;Round of 16;Fritz-Walter-Stadion;Kaiserslautern ;Germany;Italy;1;0;Australia;Italy; 
2006;26.cze.06; 21:00 ;Round of 16;FIFA World Cup Stadium, Cologne;Cologne ;Germany;Switzerland;0;0;Ukraine;Ukraine;Ukraine win on penalties (0 - 3) 
2006;27.cze.06; 17:00 ;Round of 16;FIFA World Cup Stadium, Dortmund;Dortmund ;Germany;Brazil;3;0;Ghana;Brazil; 
2006;27.cze.06; 21:00 ;Round of 16;FIFA World Cup Stadium, Hanover;Hanover ;Germany;Spain;1;3;France;France; 
2006;30.cze.06; 17:00 ;Quarter-finals;Olympiastadion;Berlin ;Germany;Germany;1;1;Argentina;Germany;Germany win on penalties (4 - 2) 
2006;30.cze.06; 21:00 ;Quarter-finals;FIFA World Cup Stadium, Hamburg;Hamburg ;Germany;Italy;3;0;Ukraine;Italy; 
2006;01.lip.06; 17:00 ;Quarter-finals;FIFA World Cup Stadium, Gelsenkirchen;Gelsenkirchen ;Germany;England;0;0;Portugal;Portugal;Portugal win on penalties (1 - 3) 
2006;01.lip.06; 21:00 ;Quarter-finals;FIFA World Cup Stadium, Frankfurt;Frankfurt/Main ;Germany;Brazil;0;1;France;France; 
2006;04.lip.06; 21:00 ;Semi-finals;FIFA World Cup Stadium, Dortmund;Dortmund ;Germany;Germany;0;2;Italy;Italy;Italy win after extra time 
2006;05.lip.06; 21:00 ;Semi-finals;FIFA World Cup Stadium, Munich;Munich ;Germany;Portugal;0;1;France;France; 
2006;08.lip.06; 21:00 ;Third place;Gottlieb-Daimler-Stadion;Stuttgart ;Germany;Germany;3;1;Portugal;Germany; 
2006;09.lip.06; 20:00 ;Final;Olympiastadion;Berlin ;Germany;Italy;1;1;France;Italy;Italy win on penalties (5 - 3) 
2010;11.cze.10; 16:00 ;Group A;Soccer City Stadium;Johannesburg ;South Africa;South Africa;1;1;Mexico;Mexico; 
2010;11.cze.10; 20:30 ;Group A;Cape Town Stadium;Cape Town ;South Africa;Uruguay;0;0;France;France; 
2010;12.cze.10; 13:30 ;Group B;Port Elizabeth Stadium;Nelson Mandela Bay/Port Elizabeth ;South Africa;Korea Republic;2;0;Greece;Korea Republic; 
2010;12.cze.10; 16:00 ;Group B;Ellis Park Stadium;Johannesburg ;South Africa;Argentina;1;0;Nigeria;Argentina; 
2010;12.cze.10; 20:30 ;Group C;Royal Bafokeng Sports Palace;Phokeng ;South Africa;England;1;1;USA;USA; 
2010;13.cze.10; 13:30 ;Group C;Peter Mokaba Stadium;Polokwane ;South Africa;Algeria;0;1;Slovenia;Slovenia; 
2010;13.cze.10; 16:00 ;Group D;Loftus Versfeld Stadium;Tshwane/Pretoria ;South Africa;Serbia;0;1;Ghana;Ghana; 
2010;13.cze.10; 20:30 ;Group D;Durban Stadium;Durban ;South Africa;Germany;4;0;Australia;Germany; 
2010;14.cze.10; 13:30 ;Group E;Soccer City Stadium;Johannesburg ;South Africa;Netherlands;2;0;Denmark;Netherlands; 
2010;14.cze.10; 16:00 ;Group E;Free State Stadium;Mangaung/Bloemfontein ;South Africa;Japan;1;0;Cameroon;Japan; 
2010;14.cze.10; 20:30 ;Group F;Cape Town Stadium;Cape Town ;South Africa;Italy;1;1;Paraguay;Paraguay; 
2010;15.cze.10; 13:30 ;Group F;Royal Bafokeng Sports Palace;Phokeng ;South Africa;New Zealand;1;1;Slovakia;Slovakia; 
2010;15.cze.10; 16:00 ;Group G;Port Elizabeth Stadium;Nelson Mandela Bay/Port Elizabeth ;South Africa;C???te d'Ivoire;0;0;Portugal;Portugal; 
2010;15.cze.10; 20:30 ;Group G;Ellis Park Stadium;Johannesburg ;South Africa;Brazil;2;1;Korea DPR;Brazil; 
2010;16.cze.10; 13:30 ;Group H;Mbombela Stadium;Nelspruit ;South Africa;Honduras;0;1;Chile;Chile; 
2010;16.cze.10; 16:00 ;Group H;Durban Stadium;Durban ;South Africa;Spain;0;1;Switzerland;Switzerland; 
2010;16.cze.10; 20:30 ;Group A;Loftus Versfeld Stadium;Tshwane/Pretoria ;South Africa;South Africa;0;3;Uruguay;Uruguay; 
2010;17.cze.10; 13:30 ;Group B;Soccer City Stadium;Johannesburg ;South Africa;Argentina;4;1;Korea Republic;Argentina; 
2010;17.cze.10; 16:00 ;Group B;Free State Stadium;Mangaung/Bloemfontein ;South Africa;Greece;2;1;Nigeria;Greece; 
2010;17.cze.10; 20:30 ;Group A;Peter Mokaba Stadium;Polokwane ;South Africa;France;0;2;Mexico;Mexico; 
2010;18.cze.10; 13:30 ;Group D;Port Elizabeth Stadium;Nelson Mandela Bay/Port Elizabeth ;South Africa;Germany;0;1;Serbia;Serbia; 
2010;18.cze.10; 16:00 ;Group C;Ellis Park Stadium;Johannesburg ;South Africa;Slovenia;2;2;USA;USA; 
2010;18.cze.10; 20:30 ;Group C;Cape Town Stadium;Cape Town ;South Africa;England;0;0;Algeria;Algeria; 
2010;19.cze.10; 13:30 ;Group E;Durban Stadium;Durban ;South Africa;Netherlands;1;0;Japan;Netherlands; 
2010;19.cze.10; 16:00 ;Group D;Royal Bafokeng Sports Palace;Phokeng ;South Africa;Ghana;1;1;Australia;Australia; 
2010;19.cze.10; 20:30 ;Group E;Loftus Versfeld Stadium;Tshwane/Pretoria ;South Africa;Cameroon;1;2;Denmark;Denmark; 
2010;20.cze.10; 13:30 ;Group F;Free State Stadium;Mangaung/Bloemfontein ;South Africa;Slovakia;0;2;Paraguay;Paraguay; 
2010;20.cze.10; 16:00 ;Group F;Mbombela Stadium;Nelspruit ;South Africa;Italy;1;1;New Zealand;New Zealand; 
2010;20.cze.10; 20:30 ;Group G;Soccer City Stadium;Johannesburg ;South Africa;Brazil;3;1;C???te d'Ivoire;Brazil; 
2010;21.cze.10; 13:30 ;Group G;Cape Town Stadium;Cape Town ;South Africa;Portugal;7;0;Korea DPR;Portugal; 
2010;21.cze.10; 16:00 ;Group H;Port Elizabeth Stadium;Nelson Mandela Bay/Port Elizabeth ;South Africa;Chile;1;0;Switzerland;Chile; 
2010;21.cze.10; 20:30 ;Group H;Ellis Park Stadium;Johannesburg ;South Africa;Spain;2;0;Honduras;Spain; 
2010;22.cze.10; 16:00 ;Group A;Royal Bafokeng Sports Palace;Phokeng ;South Africa;Mexico;0;1;Uruguay;Uruguay; 
2010;22.cze.10; 16:00 ;Group A;Free State Stadium;Mangaung/Bloemfontein ;South Africa;France;1;2;South Africa;South Africa; 
2010;22.cze.10; 20:30 ;Group B;Durban Stadium;Durban ;South Africa;Nigeria;2;2;Korea Republic;Korea Republic; 
2010;22.cze.10; 20:30 ;Group B;Peter Mokaba Stadium;Polokwane ;South Africa;Greece;0;2;Argentina;Argentina; 
2010;23.cze.10; 16:00 ;Group C;Port Elizabeth Stadium;Nelson Mandela Bay/Port Elizabeth ;South Africa;Slovenia;0;1;England;England; 
2010;23.cze.10; 16:00 ;Group C;Loftus Versfeld Stadium;Tshwane/Pretoria ;South Africa;USA;1;0;Algeria;USA; 
2010;23.cze.10; 20:30 ;Group D;Soccer City Stadium;Johannesburg ;South Africa;Ghana;0;1;Germany;Germany; 
2010;23.cze.10; 20:30 ;Group D;Mbombela Stadium;Nelspruit ;South Africa;Australia;2;1;Serbia;Australia; 
2010;24.cze.10; 16:00 ;Group F;Ellis Park Stadium;Johannesburg ;South Africa;Slovakia;3;2;Italy;Slovakia; 
2010;24.cze.10; 16:00 ;Group F;Peter Mokaba Stadium;Polokwane ;South Africa;Paraguay;0;0;New Zealand;New Zealand; 
2010;24.cze.10; 20:30 ;Group E;Royal Bafokeng Sports Palace;Phokeng ;South Africa;Denmark;1;3;Japan;Japan; 
2010;24.cze.10; 20:30 ;Group E;Cape Town Stadium;Cape Town ;South Africa;Cameroon;1;2;Netherlands;Netherlands; 
2010;25.cze.10; 16:00 ;Group G;Durban Stadium;Durban ;South Africa;Portugal;0;0;Brazil;Brazil; 
2010;25.cze.10; 16:00 ;Group G;Mbombela Stadium;Nelspruit ;South Africa;Korea DPR;0;3;C???te d'Ivoire;C???te d'Ivoire; 
2010;25.cze.10; 20:30 ;Group H;Loftus Versfeld Stadium;Tshwane/Pretoria ;South Africa;Chile;1;2;Spain;Spain; 
2010;25.cze.10; 20:30 ;Group H;Free State Stadium;Mangaung/Bloemfontein ;South Africa;Switzerland;0;0;Honduras;Honduras; 
2010;26.cze.10; 16:00 ;Round of 16;Port Elizabeth Stadium;Nelson Mandela Bay/Port Elizabeth ;South Africa;Uruguay;2;1;Korea Republic;Uruguay; 
2010;26.cze.10; 20:30 ;Round of 16;Royal Bafokeng Sports Palace;Phokeng ;South Africa;USA;1;2;Ghana;Ghana;Ghana win after extra time 
2010;27.cze.10; 16:00 ;Round of 16;Free State Stadium;Mangaung/Bloemfontein ;South Africa;Germany;4;1;England;Germany; 
2010;27.cze.10; 20:30 ;Round of 16;Soccer City Stadium;Johannesburg ;South Africa;Argentina;3;1;Mexico;Argentina; 
2010;28.cze.10; 16:00 ;Round of 16;Durban Stadium;Durban ;South Africa;Netherlands;2;1;Slovakia;Netherlands; 
2010;28.cze.10; 20:30 ;Round of 16;Ellis Park Stadium;Johannesburg ;South Africa;Brazil;3;0;Chile;Brazil; 
2010;29.cze.10; 16:00 ;Round of 16;Loftus Versfeld Stadium;Tshwane/Pretoria ;South Africa;Paraguay;0;0;Japan;Paraguay;Paraguay win on penalties (5 - 3) 
2010;29.cze.10; 20:30 ;Round of 16;Cape Town Stadium;Cape Town ;South Africa;Spain;1;0;Portugal;Spain; 
2010;02.lip.10; 16:00 ;Quarter-finals;Port Elizabeth Stadium;Nelson Mandela Bay/Port Elizabeth ;South Africa;Netherlands;2;1;Brazil;Netherlands; 
2010;02.lip.10; 20:30 ;Quarter-finals;Soccer City Stadium;Johannesburg ;South Africa;Uruguay;1;1;Ghana;Uruguay;Uruguay win on penalties (4 - 2) 
2010;03.lip.10; 16:00 ;Quarter-finals;Cape Town Stadium;Cape Town ;South Africa;Argentina;0;4;Germany;Germany; 
2010;03.lip.10; 20:30 ;Quarter-finals;Ellis Park Stadium;Johannesburg ;South Africa;Paraguay;0;1;Spain;Spain; 
2010;06.lip.10; 20:30 ;Semi-finals;Cape Town Stadium;Cape Town ;South Africa;Uruguay;2;3;Netherlands;Netherlands; 
2010;07.lip.10; 20:30 ;Semi-finals;Durban Stadium;Durban ;South Africa;Germany;0;1;Spain;Spain; 
2010;10.lip.10; 20:30 ;Match for third place;Port Elizabeth Stadium;Nelson Mandela Bay/Port Elizabeth ;South Africa;Uruguay;2;3;Germany;Germany; 
2010;11.lip.10; 20:30 ;Final;Soccer City Stadium;Johannesburg ;South Africa;Netherlands;0;1;Spain;Spain;Spain win after extra time 
2014;12.cze.14; 17:00 ;Group A;Arena de Sao Paulo;Sao Paulo ;Brazil;Brazil;3;1;Croatia;Brazil; 
2014;13.cze.14; 13:00 ;Group A;Estadio das Dunas;Natal ;Brazil;Mexico;1;0;Cameroon;Mexico; 
2014;13.cze.14; 16:00 ;Group B;Arena Fonte Nova;Salvador ;Brazil;Spain;1;5;Netherlands;Netherlands; 
2014;13.cze.14; 18:00 ;Group B;Arena Pantanal;Cuiaba ;Brazil;Chile;3;1;Australia;Chile; 
2014;14.cze.14; 13:00 ;Group C;Estadio Mineirao;Belo Horizonte ;Brazil;Colombia;3;0;Greece;Colombia; 
2014;14.cze.14; 16:00 ;Group D;Estadio Castelao;Fortaleza ;Brazil;Uruguay;1;3;Costa Rica;Costa Rica; 
2014;14.cze.14; 18:00 ;Group D;Arena Amazonia;Manaus ;Brazil;England;1;2;Italy;Italy; 
2014;14.cze.14; 22:00 ;Group C;Arena Pernambuco;Recife ;Brazil;C???te d'Ivoire;2;1;Japan;C???te d'Ivoire; 
2014;15.cze.14; 13:00 ;Group E;Estadio Nacional;Brasilia ;Brazil;Switzerland;2;1;Ecuador;Switzerland; 
2014;15.cze.14; 16:00 ;Group E;Estadio Beira-Rio;Porto Alegre ;Brazil;France;3;0;Honduras;France; 
2014;15.cze.14; 19:00 ;Group F;Estadio do Maracana;Rio De Janeiro ;Brazil;Argentina;2;1;Bosnia and Herzegovina;Argentina; 
2014;16.cze.14; 13:00 ;Group G;Arena Fonte Nova;Salvador ;Brazil;Germany;4;0;Portugal;Germany; 
2014;16.cze.14; 16:00 ;Group F;Arena da Baixada;Curitiba ;Brazil;IR Iran;0;0;Nigeria;Nigeria; 
2014;16.cze.14; 19:00 ;Group G;Estadio das Dunas;Natal ;Brazil;Ghana;1;2;USA;USA; 
2014;17.cze.14; 13:00 ;Group H;Estadio Mineirao;Belo Horizonte ;Brazil;Belgium;2;1;Algeria;Belgium; 
2014;17.cze.14; 16:00 ;Group A;Estadio Castelao;Fortaleza ;Brazil;Brazil;0;0;Mexico;Mexico; 
2014;17.cze.14; 18:00 ;Group H;Arena Pantanal;Cuiaba ;Brazil;Russia;1;1;Korea Republic;Korea Republic; 
2014;18.cze.14; 13:00 ;Group B;Estadio Beira-Rio;Porto Alegre ;Brazil;Australia;2;3;Netherlands;Netherlands; 
2014;18.cze.14; 16:00 ;Group B;Estadio do Maracana;Rio De Janeiro ;Brazil;Spain;0;2;Chile;Chile; 
2014;18.cze.14; 18:00 ;Group A;Arena Amazonia;Manaus ;Brazil;Cameroon;0;4;Croatia;Croatia; 
2014;19.cze.14; 13:00 ;Group C;Estadio Nacional;Brasilia ;Brazil;Colombia;2;1;C???te d'Ivoire;Colombia; 
2014;19.cze.14; 16:00 ;Group D;Arena de Sao Paulo;Sao Paulo ;Brazil;Uruguay;2;1;England;Uruguay; 
2014;19.cze.14; 19:00 ;Group C;Estadio das Dunas;Natal ;Brazil;Japan;0;0;Greece;Greece; 
2014;20.cze.14; 13:00 ;Group D;Arena Pernambuco;Recife ;Brazil;Italy;0;1;Costa Rica;Costa Rica; 
2014;20.cze.14; 16:00 ;Group E;Arena Fonte Nova;Salvador ;Brazil;Switzerland;2;5;France;France; 
2014;20.cze.14; 19:00 ;Group E;Arena da Baixada;Curitiba ;Brazil;Honduras;1;2;Ecuador;Ecuador; 
2014;21.cze.14; 13:00 ;Group F;Estadio Mineirao;Belo Horizonte ;Brazil;Argentina;1;0;IR Iran;Argentina; 
2014;21.cze.14; 16:00 ;Group G;Estadio Castelao;Fortaleza ;Brazil;Germany;2;2;Ghana;Ghana; 
2014;21.cze.14; 18:00 ;Group F;Arena Pantanal;Cuiaba ;Brazil;Nigeria;1;0;Bosnia and Herzegovina;Nigeria; 
2014;22.cze.14; 13:00 ;Group H;Estadio do Maracana;Rio De Janeiro ;Brazil;Belgium;1;0;Russia;Belgium; 
2014;22.cze.14; 16:00 ;Group H;Estadio Beira-Rio;Porto Alegre ;Brazil;Korea Republic;2;4;Algeria;Algeria; 
2014;22.cze.14; 18:00 ;Group G;Arena Amazonia;Manaus ;Brazil;USA;2;2;Portugal;Portugal; 
2014;23.cze.14; 13:00 ;Group B;Arena da Baixada;Curitiba ;Brazil;Australia;0;3;Spain;Spain; 
2014;23.cze.14; 13:00 ;Group B;Arena de Sao Paulo;Sao Paulo ;Brazil;Netherlands;2;0;Chile;Netherlands; 
2014;23.cze.14; 17:00 ;Group A;Estadio Nacional;Brasilia ;Brazil;Cameroon;1;4;Brazil;Brazil; 
2014;23.cze.14; 17:00 ;Group A;Arena Pernambuco;Recife ;Brazil;Croatia;1;3;Mexico;Mexico; 
2014;24.cze.14; 13:00 ;Group D;Estadio das Dunas;Natal ;Brazil;Italy;0;1;Uruguay;Uruguay; 
2014;24.cze.14; 13:00 ;Group D;Estadio Mineirao;Belo Horizonte ;Brazil;Costa Rica;0;0;England;England; 
2014;24.cze.14; 16:00 ;Group C;Arena Pantanal;Cuiaba ;Brazil;Japan;1;4;Colombia;Colombia; 
2014;24.cze.14; 17:00 ;Group C;Estadio Castelao;Fortaleza ;Brazil;Greece;2;1;C???te d'Ivoire;Greece; 
2014;25.cze.14; 13:00 ;Group F;Estadio Beira-Rio;Porto Alegre ;Brazil;Nigeria;2;3;Argentina;Argentina; 
2014;25.cze.14; 13:00 ;Group F;Arena Fonte Nova;Salvador ;Brazil;Bosnia and Herzegovina;3;1;IR Iran;Bosnia and Herzegovina; 
2014;25.cze.14; 16:00 ;Group E;Arena Amazonia;Manaus ;Brazil;Honduras;0;3;Switzerland;Switzerland; 
2014;25.cze.14; 17:00 ;Group E;Estadio do Maracana;Rio De Janeiro ;Brazil;Ecuador;0;0;France;France; 
2014;26.cze.14; 13:00 ;Group G;Arena Pernambuco;Recife ;Brazil;USA;0;1;Germany;Germany; 
2014;26.cze.14; 13:00 ;Group G;Estadio Nacional;Brasilia ;Brazil;Portugal;2;1;Ghana;Portugal; 
2014;26.cze.14; 17:00 ;Group H;Arena de Sao Paulo;Sao Paulo ;Brazil;Korea Republic;0;1;Belgium;Belgium; 
2014;26.cze.14; 17:00 ;Group H;Arena da Baixada;Curitiba ;Brazil;Algeria;1;1;Russia;Russia; 
2014;28.cze.14; 13:00 ;Round of 16;Estadio Mineirao;Belo Horizonte ;Brazil;Brazil;1;1;Chile;Brazil;Brazil win on penalties (3 - 2) 
2014;28.cze.14; 17:00 ;Round of 16;Estadio do Maracana;Rio De Janeiro ;Brazil;Colombia;2;0;Uruguay;Colombia; 
2014;30.cze.14; 13:00 ;Round of 16;Estadio Nacional;Brasilia ;Brazil;France;2;0;Nigeria;France; 
2014;30.cze.14; 17:00 ;Round of 16;Estadio Beira-Rio;Porto Alegre ;Brazil;Germany;2;1;Algeria;Germany;Germany win after extra time 
2014;04.lip.14; 17:00 ;Quarter-finals;Estadio Castelao;Fortaleza ;Brazil;Brazil;2;1;Colombia;Brazil; 
2014;04.lip.14; 13:00 ;Quarter-finals;Estadio do Maracana;Rio De Janeiro ;Brazil;France;0;1;Germany;Germany; 
2014;08.lip.14; 17:00 ;Semi-finals;Estadio Mineirao;Belo Horizonte ;Brazil;Brazil;1;7;Germany;Germany; 
2014;12.lip.14; 17:00 ;Play-off for third place;Estadio Nacional;Brasilia ;Brazil;Brazil;0;3;Netherlands;Netherlands; 
2014;13.lip.14; 16:00 ;Final;Estadio do Maracana;Rio De Janeiro ;Brazil;Germany;1;0;Argentina;Germany;Germany win after extra time 
2014;09.lip.14; 17:00 ;Semi-finals;Arena de Sao Paulo;Sao Paulo ;Brazil;Netherlands;0;0;Argentina;Argentina;Argentina win on penalties (2 - 4) 
2014;05.lip.14; 17:00 ;Quarter-finals;Arena Fonte Nova;Salvador ;Brazil;Netherlands;0;0;Costa Rica;Netherlands;Netherlands win on penalties (4 - 3) 
2014;05.lip.14; 13:00 ;Quarter-finals;Estadio Nacional;Brasilia ;Brazil;Argentina;1;0;Belgium;Argentina; 
2014;29.cze.14; 13:00 ;Round of 16;Estadio Castelao;Fortaleza ;Brazil;Netherlands;2;1;Mexico;Netherlands; 
2014;29.cze.14; 17:00 ;Round of 16;Arena Pernambuco;Recife ;Brazil;Costa Rica;1;1;Greece;Costa Rica;Costa Rica win on penalties (5 - 3) 
2014;01.lip.14; 13:00 ;Round of 16;Arena de Sao Paulo;Sao Paulo ;Brazil;Argentina;1;0;Switzerland;Argentina;Argentina win after extra time 
2014;01.lip.14; 17:00 ;Round of 16;Arena Fonte Nova;Salvador ;Brazil;Belgium;2;1;USA;Belgium;Belgium win after extra time 
2014;28.cze.14; 13:00 ;Round of 16;Estadio Mineirao;Belo Horizonte ;Brazil;Brazil;1;1;Chile;Brazil;Brazil win on penalties (3 - 2) 
2014;28.cze.14; 17:00 ;Round of 16;Estadio do Maracana;Rio De Janeiro ;Brazil;Colombia;2;0;Uruguay;Colombia; 
2014;29.cze.14; 13:00 ;Round of 16;Estadio Castelao;Fortaleza ;Brazil;Netherlands;2;1;Mexico;Netherlands; 
2014;29.cze.14; 17:00 ;Round of 16;Arena Pernambuco;Recife ;Brazil;Costa Rica;1;1;Greece;Costa Rica;Costa Rica win on penalties (5 - 3) 
2014;30.cze.14; 13:00 ;Round of 16;Estadio Nacional;Brasilia ;Brazil;France;2;0;Nigeria;France; 
2014;30.cze.14; 17:00 ;Round of 16;Estadio Beira-Rio;Porto Alegre ;Brazil;Germany;2;1;Algeria;Germany;Germany win after extra time 
2014;01.lip.14; 13:00 ;Round of 16;Arena de Sao Paulo;Sao Paulo ;Brazil;Argentina;1;0;Switzerland;Argentina;Argentina win after extra time 
2014;01.lip.14; 17:00 ;Round of 16;Arena Fonte Nova;Salvador ;Brazil;Belgium;2;1;USA;Belgium;Belgium win after extra time 
2014;04.lip.14; 13:00 ;Quarter-finals;Estadio do Maracana;Rio De Janeiro ;Brazil;France;0;1;Germany;Germany; 
2014;04.lip.14; 17:00 ;Quarter-finals;Estadio Castelao;Fortaleza ;Brazil;Brazil;2;1;Colombia;Brazil; 
2014;05.lip.14; 13:00 ;Quarter-finals;Estadio Nacional;Brasilia ;Brazil;Argentina;1;0;Belgium;Argentina; 
2014;05.lip.14; 17:00 ;Quarter-finals;Arena Fonte Nova;Salvador ;Brazil;Netherlands;0;0;Costa Rica;Netherlands;Netherlands win on penalties (4 - 3) 
2014;08.lip.14; 17:00 ;Semi-finals;Estadio Mineirao;Belo Horizonte ;Brazil;Brazil;1;7;Germany;Germany; 
2014;09.lip.14; 17:00 ;Semi-finals;Arena de Sao Paulo;Sao Paulo ;Brazil;Netherlands;0;0;Argentina;Argentina;Argentina win on penalties (2 - 4) 
2014;12.lip.14; 17:00 ;Play-off for third place;Estadio Nacional;Brasilia ;Brazil;Brazil;0;3;Netherlands;Netherlands; 
2014;13.lip.14; 16:00 ;Final;Estadio do Maracana;Rio De Janeiro ;Brazil;Germany;1;0;Argentina;Germany;Germany win after extra time 
